time_s,force_z_n,ee_x_m,ee_y_m,ee_z_m
0.000000,-11.08609200,0.23100972,-0.20477706,0.52312821
0.033333,-6.98910761,0.23103637,-0.20475842,0.52305597
0.066667,-2.70406318,0.23106892,-0.20472851,0.52299267
0.100000,-4.56327295,0.23109429,-0.20469885,0.52293646
0.133333,-2.74162769,0.23111229,-0.20467061,0.52289951
0.166667,-8.07354927,0.23112455,-0.20465383,0.52286696
0.200000,-10.78139400,0.23114027,-0.20464148,0.52281976
0.233333,-12.67783928,0.23116298,-0.20462763,0.52276206
0.266667,-12.60167599,0.23118624,-0.20461360,0.52270448
0.300000,-10.97934437,0.23121001,-0.20460142,0.52264774
0.333333,-10.50139427,0.23123296,-0.20459631,0.52259308
0.366667,-11.48149872,0.23125178,-0.20460373,0.52255464
0.400000,-0.74746144,0.23127073,-0.20461404,0.52254069
0.433333,0.27387449,0.23128821,-0.20461755,0.52253157
0.466667,0.94441652,0.23130700,-0.20461562,0.52252305
0.500000,2.00330234,0.23132822,-0.20460631,0.52251822
0.533333,-1.03503144,0.23135610,-0.20459147,0.52252042
0.566667,-2.35703421,0.23138735,-0.20458655,0.52252126
0.600000,-1.11633837,0.23141411,-0.20459034,0.52251089
0.633333,-0.50411558,0.23143733,-0.20459569,0.52248812
0.666667,-0.13374232,0.23145878,-0.20460080,0.52245528
0.700000,0.07814839,0.23147948,-0.20460500,0.52241737
0.733333,0.39019370,0.23149754,-0.20460947,0.52238292
0.766667,0.37127340,0.23151493,-0.20461431,0.52235073
0.800000,0.60340214,0.23153308,-0.20461880,0.52231836
0.833333,0.43998295,0.23155323,-0.20462300,0.52228451
0.866667,0.71606040,0.23157427,-0.20462893,0.52223867
0.900000,-0.04596266,0.23159799,-0.20463455,0.52219224
0.933333,-0.45904678,0.23162000,-0.20463939,0.52215523
0.966667,-1.21004999,0.23164178,-0.20464396,0.52211970
1.000000,-1.67315269,0.23166576,-0.20464775,0.52208084
1.033333,-1.99123824,0.23169288,-0.20464994,0.52203751
1.066667,-2.18214726,0.23172057,-0.20465083,0.52199507
1.100000,-2.08493733,0.23174949,-0.20465000,0.52195168
1.133333,-3.07612181,0.23177958,-0.20464776,0.52190310
1.166667,-2.61715436,0.23180072,-0.20464787,0.52187055
1.200000,-2.05438542,0.23182428,-0.20464608,0.52183568
1.233333,-1.37622774,0.23184589,-0.20464413,0.52180368
1.266667,-2.15391207,0.23186910,-0.20464146,0.52176923
1.300000,-1.07339215,0.23189712,-0.20463657,0.52172935
1.333333,-0.04230658,0.23192279,-0.20463261,0.52168632
1.366667,-0.72006667,0.23195013,-0.20462801,0.52164453
1.400000,0.19844100,0.23198080,-0.20462221,0.52159411
1.433333,0.85102600,0.23201309,-0.20461589,0.52153987
1.466667,-0.71647298,0.23204984,-0.20460527,0.52148634
1.500000,-0.22632508,0.23208337,-0.20459576,0.52144271
1.533333,-1.17158616,0.23211095,-0.20458810,0.52139747
1.566667,-0.10874030,0.23213613,-0.20458318,0.52133393
1.600000,-0.07941436,0.23216914,-0.20457536,0.52126837
1.633333,0.19791292,0.23220354,-0.20456740,0.52120000
1.666667,0.24231732,0.23223758,-0.20456018,0.52113479
1.700000,0.10904036,0.23226976,-0.20455362,0.52107286
1.733333,-0.08205098,0.23230372,-0.20454755,0.52101147
1.766667,-0.44437867,0.23234303,-0.20453919,0.52093887
1.800000,-0.85505891,0.23238334,-0.20453013,0.52086258
1.833333,-1.40894866,0.23242275,-0.20451996,0.52078599
1.866667,-0.59727019,0.23245180,-0.20451300,0.52072805
1.900000,-1.40096438,0.23248014,-0.20450704,0.52067381
1.933333,-1.75823843,0.23250960,-0.20450051,0.52061516
1.966667,-1.74252832,0.23253527,-0.20449366,0.52056581
2.000000,-1.36314332,0.23256004,-0.20448664,0.52051657
2.033333,-2.61762071,0.23258592,-0.20447867,0.52046490
2.066667,-2.16293240,0.23261340,-0.20446895,0.52041191
2.100000,-3.27722073,0.23264742,-0.20445485,0.52034736
2.133333,-3.18509102,0.23267056,-0.20444395,0.52030104
2.166667,-3.00299168,0.23269092,-0.20443329,0.52026021
2.200000,-2.96472430,0.23271215,-0.20442103,0.52021784
2.233333,-3.21014237,0.23273596,-0.20440650,0.52017337
2.266667,-3.72598553,0.23276737,-0.20438747,0.52012032
2.300000,-3.74515724,0.23280343,-0.20436315,0.52007091
2.333333,-3.52336574,0.23284160,-0.20433579,0.52001661
2.366667,-4.28544044,0.23288067,-0.20430917,0.51995921
2.400000,-1.88507009,0.23291743,-0.20428479,0.51991522
2.433333,-7.25556660,0.23295520,-0.20425069,0.51985973
2.466667,-13.00993633,0.23296463,-0.20415983,0.51977575
2.500000,-14.38461494,0.23295373,-0.20404962,0.51969141
2.533333,-13.28499699,0.23292713,-0.20393167,0.51961476
2.566667,-12.23725033,0.23289758,-0.20380574,0.51953399
2.600000,-10.20300007,0.23287171,-0.20368420,0.51945806
2.633333,-9.45980072,0.23284072,-0.20356452,0.51939613
2.666667,-8.35087490,0.23280849,-0.20347051,0.51934135
2.700000,-7.82016134,0.23278081,-0.20336875,0.51928133
2.733333,-6.88414001,0.23275617,-0.20325027,0.51920164
2.766667,-5.03162003,0.23273525,-0.20313722,0.51913404
2.800000,-7.04466486,0.23271516,-0.20298555,0.51905245
2.833333,-6.94591236,0.23269640,-0.20287326,0.51898211
2.866667,-4.30462074,0.23267755,-0.20273216,0.51891583
2.900000,-4.91517591,0.23264968,-0.20260735,0.51884967
2.933333,-4.27545500,0.23262914,-0.20250291,0.51878136
2.966667,-5.11699867,0.23260824,-0.20238103,0.51871300
3.000000,-4.59066820,0.23258990,-0.20224664,0.51863968
3.033333,-4.31933689,0.23257847,-0.20210810,0.51857293
3.066667,-3.26803112,0.23256855,-0.20196681,0.51849252
3.100000,-2.16074109,0.23255755,-0.20179260,0.51840699
3.133333,-2.98237586,0.23253901,-0.20164159,0.51832062
3.166667,-2.08526158,0.23252547,-0.20150316,0.51823562
3.200000,-1.67258108,0.23249745,-0.20140214,0.51817805
3.233333,-1.61344242,0.23247722,-0.20129780,0.51811785
3.266667,-1.44617331,0.23245510,-0.20120668,0.51806152
3.300000,-1.16400313,0.23242725,-0.20108837,0.51799834
3.333333,-1.49227917,0.23239611,-0.20098723,0.51794380
3.366667,-3.62600732,0.23237184,-0.20086606,0.51788604
3.400000,-1.83844900,0.23234665,-0.20076339,0.51784039
3.433333,-3.38479376,0.23231967,-0.20064297,0.51777691
3.466667,-1.64375770,0.23229542,-0.20050603,0.51771706
3.500000,-2.24356794,0.23228320,-0.20036247,0.51764399
3.533333,-3.27975368,0.23226137,-0.20022233,0.51756936
3.566667,-2.20633864,0.23224227,-0.20007475,0.51749468
3.600000,-1.05197620,0.23222402,-0.19994916,0.51743114
3.633333,-0.77125609,0.23220433,-0.19982934,0.51737624
3.666667,0.49777678,0.23218951,-0.19969745,0.51732987
3.700000,-0.20641443,0.23216607,-0.19957723,0.51727271
3.733333,-0.51695663,0.23213762,-0.19944219,0.51719165
3.766667,-0.68611729,0.23211953,-0.19931570,0.51711047
3.800000,-0.69811237,0.23209460,-0.19918524,0.51703560
3.833333,-0.54599744,0.23207335,-0.19905330,0.51696205
3.866667,-0.66361970,0.23204680,-0.19891155,0.51687676
3.900000,-0.63941628,0.23202981,-0.19876978,0.51679516
3.933333,-0.61545706,0.23201384,-0.19863662,0.51670939
3.966667,-0.03761446,0.23199081,-0.19848613,0.51663309
4.000000,-0.44380984,0.23196670,-0.19834237,0.51656961
4.033333,-0.33105746,0.23193935,-0.19820288,0.51650965
4.066667,-0.92594904,0.23191603,-0.19806083,0.51645839
4.100000,-0.63556963,0.23189040,-0.19790977,0.51641232
4.133333,-0.63579571,0.23186144,-0.19775274,0.51635772
4.166667,-0.85872245,0.23183461,-0.19759452,0.51630133
4.200000,-0.89186263,0.23180853,-0.19741862,0.51623797
4.233333,-1.75644100,0.23177272,-0.19725975,0.51617724
4.266667,-0.53489435,0.23174828,-0.19706750,0.51611680
4.300000,-0.18287586,0.23172581,-0.19689021,0.51605016
4.333333,0.31608471,0.23169552,-0.19671190,0.51600003
4.366667,-0.31708005,0.23166238,-0.19654341,0.51594973
4.400000,-0.38782102,0.23163405,-0.19638006,0.51590425
4.433333,-0.42790967,0.23159643,-0.19623238,0.51585442
4.466667,-1.18078423,0.23156337,-0.19606870,0.51579303
4.500000,-1.28185952,0.23154791,-0.19590452,0.51575208
4.533333,-1.57356179,0.23152754,-0.19572100,0.51570404
4.566667,-0.71770287,0.23150370,-0.19555171,0.51565593
4.600000,-0.23228326,0.23146400,-0.19539180,0.51560086
4.633333,-0.22684468,0.23140888,-0.19516878,0.51553780
4.666667,-0.01991816,0.23137599,-0.19493960,0.51547945
4.700000,0.71327752,0.23134045,-0.19472995,0.51540786
4.733333,2.01138902,0.23129627,-0.19449785,0.51534867
4.766667,2.34839082,0.23127633,-0.19428369,0.51530963
4.800000,4.31628704,0.23125838,-0.19408070,0.51528203
4.833333,3.01022291,0.23124108,-0.19387819,0.51523870
4.866667,3.59743643,0.23121400,-0.19366513,0.51518774
4.900000,3.16377711,0.23120312,-0.19347399,0.51514500
4.933333,3.29806495,0.23119369,-0.19334111,0.51510257
4.966667,2.43195987,0.23118316,-0.19320929,0.51506746
5.000000,3.29950333,0.23117976,-0.19308260,0.51502836
5.033333,2.98099780,0.23116301,-0.19293280,0.51499623
5.066667,3.31221986,0.23114561,-0.19275092,0.51495361
5.100000,3.70593119,0.23113047,-0.19256590,0.51490796
5.133333,4.16615963,0.23112057,-0.19239585,0.51485372
5.166667,5.92175150,0.23110652,-0.19221632,0.51480216
5.200000,6.46740007,0.23108992,-0.19202849,0.51475817
5.233333,6.59802294,0.23108441,-0.19188543,0.51472992
5.266667,7.68197584,0.23107369,-0.19170117,0.51469296
5.300000,7.26936626,0.23106220,-0.19152632,0.51465654
5.333333,7.85459328,0.23105490,-0.19134216,0.51462191
5.366667,7.51312399,0.23104024,-0.19116844,0.51460153
5.400000,7.07450438,0.23102885,-0.19102421,0.51458806
5.433333,7.56205511,0.23101930,-0.19085203,0.51456392
5.466667,7.55414867,0.23101199,-0.19069384,0.51453620
5.500000,7.23537636,0.23100124,-0.19056195,0.51451308
5.533333,6.79901218,0.23101783,-0.19040175,0.51449198
5.566667,6.33842516,0.23102796,-0.19023041,0.51447004
5.600000,9.90075874,0.23103130,-0.19008067,0.51445413
5.633333,8.88172817,0.23102680,-0.18992215,0.51442528
5.666667,9.41736412,0.23102878,-0.18978789,0.51439649
5.700000,9.51205063,0.23102418,-0.18964478,0.51437330
5.733333,9.45437527,0.23102415,-0.18949947,0.51434433
5.766667,8.24786854,0.23101895,-0.18938467,0.51432282
5.800000,8.49755383,0.23102030,-0.18925419,0.51429027
5.833333,3.05534840,0.23103341,-0.18914992,0.51424974
5.866667,4.38742161,0.23104015,-0.18905883,0.51420557
5.900000,3.68551660,0.23104827,-0.18896954,0.51417238
5.933333,0.94786900,0.23106003,-0.18889390,0.51412427
5.966667,0.88405704,0.23107390,-0.18883362,0.51408428
6.000000,-1.72326970,0.23108914,-0.18876989,0.51403791
6.033333,-2.86410189,0.23111382,-0.18871063,0.51397723
6.066667,-2.50868368,0.23113559,-0.18866037,0.51391846
6.100000,-2.22567201,0.23115867,-0.18860884,0.51385778
6.133333,-1.10911334,0.23117754,-0.18856037,0.51379400
6.166667,-0.94646567,0.23119362,-0.18851291,0.51373565
6.200000,-0.52123654,0.23120786,-0.18846543,0.51367694
6.233333,-0.59876996,0.23122337,-0.18841235,0.51363331
6.266667,-0.36761704,0.23123911,-0.18835832,0.51358932
6.300000,-0.72545367,0.23126113,-0.18831159,0.51353621
6.333333,-2.70393252,0.23127249,-0.18827428,0.51348579
6.366667,-4.36933136,0.23128569,-0.18823746,0.51343071
6.400000,-5.58095121,0.23129909,-0.18820550,0.51337010
6.433333,-8.01507568,0.23131976,-0.18817998,0.51329190
6.466667,-9.72727489,0.23134372,-0.18815754,0.51321965
6.500000,-7.86461449,0.23136030,-0.18813333,0.51314461
6.533333,-11.39304829,0.23138021,-0.18811311,0.51307148
6.566667,-15.32180882,0.23139584,-0.18809859,0.51300550
6.600000,-17.60009384,0.23140417,-0.18808752,0.51295406
6.633333,-14.96774960,0.23141326,-0.18807721,0.51289928
6.666667,-15.15835190,0.23142186,-0.18806833,0.51283360
6.700000,-19.51357841,0.23143116,-0.18805987,0.51276976
6.733333,-20.92267227,0.23143889,-0.18805167,0.51270419
6.766667,-20.69370079,0.23144594,-0.18804215,0.51263571
6.800000,-16.82019424,0.23145355,-0.18802857,0.51256263
6.833333,-18.28740883,0.23146458,-0.18800925,0.51248562
6.866667,-14.78234768,0.23147506,-0.18798800,0.51240903
6.900000,-16.89884949,0.23148322,-0.18796715,0.51233315
6.933333,-13.36182117,0.23149243,-0.18794592,0.51225781
6.966667,-14.91989231,0.23150367,-0.18792161,0.51217461
7.000000,-14.11345387,0.23151331,-0.18789725,0.51209223
7.033333,-13.20204926,0.23152220,-0.18787043,0.51200831
7.066667,-11.79404354,0.23153141,-0.18784054,0.51192218
7.100000,-12.25683022,0.23154055,-0.18780717,0.51184177
7.133333,-5.30426455,0.23154701,-0.18776259,0.51178133
7.166667,-1.43538117,0.23153208,-0.18774097,0.51171809
7.200000,-1.52816534,0.23151176,-0.18772376,0.51168716
7.233333,-0.74728322,0.23149513,-0.18770118,0.51165211
7.266667,-1.65199149,0.23148203,-0.18767112,0.51160824
7.300000,-4.64608955,0.23147053,-0.18764581,0.51156515
7.333333,-2.56985116,0.23146036,-0.18762347,0.51152235
7.366667,-0.75624114,0.23144695,-0.18760157,0.51148802
7.400000,-3.70570660,0.23143955,-0.18757662,0.51145488
7.433333,-1.48616540,0.23143005,-0.18755449,0.51142210
7.466667,-6.14537907,0.23142613,-0.18753053,0.51138622
7.500000,-6.80726337,0.23142160,-0.18750753,0.51135153
7.533333,-7.42081499,0.23141898,-0.18748473,0.51131707
7.566667,-9.15584469,0.23141651,-0.18746571,0.51127982
7.600000,-9.85200405,0.23141722,-0.18745361,0.51124275
7.633333,-6.86726522,0.23143494,-0.18744521,0.51120979
7.666667,-1.18206489,0.23135133,-0.18701977,0.51113665
7.700000,-0.52071720,0.23109643,-0.18596044,0.51099807
7.733333,3.12818456,0.23050368,-0.18192656,0.50980520
7.766667,1.59020758,0.22971864,-0.17653851,0.50819081
7.800000,8.46745300,0.22880624,-0.17148213,0.50666726
7.833333,3.61438441,0.22787690,-0.16658813,0.50524610
7.866667,10.99672794,0.22713913,-0.16251628,0.50406140
7.900000,9.95372963,0.22653711,-0.15932006,0.50309235
7.933333,9.79567909,0.22595720,-0.15622881,0.50217509
7.966667,10.07616901,0.22538570,-0.15314774,0.50121564
8.000000,11.37190342,0.22485231,-0.15000622,0.50019729
8.033333,13.21801758,0.22428273,-0.14677934,0.49913675
8.066667,13.48786545,0.22364078,-0.14325160,0.49800414
8.100000,11.26830006,0.22315769,-0.13962018,0.49691924
8.133333,4.12792110,0.22272064,-0.13626139,0.49589059
8.166667,10.63415909,0.22216348,-0.13291612,0.49481979
8.200000,10.66516018,0.22157697,-0.12943324,0.49369359
8.233333,10.53597260,0.22098365,-0.12595384,0.49260402
8.266667,9.00050545,0.22047739,-0.12295506,0.49164277
8.300000,-0.87077105,0.21947235,-0.12035561,0.49101317
8.333333,-1.38754439,0.21824461,-0.11689356,0.49020684
8.366667,-0.41135386,0.21765231,-0.11492866,0.48884040
8.400000,-2.68460202,0.21622531,-0.11401691,0.48657197
8.433333,-3.00287795,0.21416597,-0.11381684,0.48530361
8.466667,-1.56983316,0.21193343,-0.11377039,0.48485297
8.500000,-7.66657495,0.20998591,-0.11354373,0.48452222
8.533333,-2.42821956,0.20818585,-0.11321425,0.48403412
8.566667,-5.53058100,0.20616183,-0.11305567,0.48346242
8.600000,-4.82277584,0.20400745,-0.11303760,0.48303303
8.633333,-4.68026495,0.20188975,-0.11300808,0.48272523
8.666667,-2.62552547,0.20080924,-0.11390483,0.48220694
8.700000,-3.20851755,0.20068209,-0.11421196,0.48196489
8.733333,-2.96705413,0.20069252,-0.11418931,0.48190057
8.766667,-2.39661074,0.20069547,-0.11419595,0.48180830
8.800000,-2.42265010,0.19938919,-0.10749286,0.48018447
8.833333,-3.61980629,0.19795842,-0.09833613,0.47757187
8.866667,-3.79557109,0.19665442,-0.08904855,0.47471893
8.900000,-4.41940117,0.19539610,-0.07980536,0.47177243
8.933333,-3.90953016,0.19431312,-0.07060520,0.46860898
8.966667,-3.49351382,0.19349247,-0.06222169,0.46564865
9.000000,-3.74221277,0.19310795,-0.05436036,0.46283868
9.033333,-3.26752806,0.19302839,-0.04725791,0.46010068
9.066667,-3.16900182,0.19296278,-0.04033519,0.45732549
9.100000,-2.77407932,0.19287610,-0.03339465,0.45440844
9.133333,-2.77148604,0.19279018,-0.02669859,0.45145428
9.166667,-2.78334093,0.19249775,-0.02038409,0.44843581
9.200000,-2.84940100,0.19213422,-0.01384785,0.44527954
9.233333,-3.75727248,0.19168453,-0.00912381,0.44192627
9.266667,-2.92871761,0.19106534,-0.00466750,0.43843135
9.300000,-3.18999887,0.19045305,-0.00014692,0.43474430
9.333333,-3.45878816,0.18989913,0.00432110,0.43095857
9.366667,-3.26206422,0.18977612,0.00883084,0.42686021
9.400000,-4.00397062,0.18974374,0.01350174,0.42243430
9.433333,-4.86395407,0.19051121,0.01428546,0.41905430
9.466667,-2.65259051,0.19126949,0.01348840,0.41661510
9.500000,-1.68466914,0.19216795,0.01249195,0.41425711
9.533333,-1.59977293,0.19344798,0.01137605,0.41178033
9.566667,-1.74768662,0.19501448,0.01026970,0.40942824
9.600000,-2.55126309,0.19576791,0.00964764,0.40817344
9.633333,-1.23751473,0.19618584,0.00916707,0.40778479
9.666667,-0.89410400,0.19647200,0.00875632,0.40756044
9.700000,-0.84828007,0.19667074,0.00846748,0.40740070
9.733333,-0.92693084,0.19681129,0.00825949,0.40727425
9.766667,2.78841949,0.19906412,0.00900658,0.40675697
9.800000,-0.36443716,0.20201084,0.01025573,0.40483624
9.833333,-0.95725352,0.20577560,0.01087131,0.40386108
9.866667,0.23940738,0.20963155,0.01132177,0.40350562
9.900000,0.56877750,0.21341822,0.01174165,0.40325946
9.933333,-2.96020079,0.21451007,0.01178933,0.40204862
9.966667,-1.10013568,0.21490203,0.01128999,0.40156981
10.000000,0.39113283,0.21754792,0.01074207,0.40453112
10.033333,2.34963989,0.22053586,0.01052126,0.40867454
10.066667,2.05506182,0.22357301,0.01013632,0.41176230
10.100000,8.24845505,0.22615799,0.00975353,0.41387263
10.133333,21.37140465,0.22875048,0.00937962,0.41595763
10.166667,12.86035156,0.23152043,0.00906847,0.41818672
10.200000,8.43066502,0.23468481,0.00896297,0.42070431
10.233333,5.95691681,0.23780958,0.00888396,0.42319334
10.266667,2.47380233,0.23835880,0.00995627,0.42349812
10.300000,-0.00059490,0.23841010,0.01115326,0.42340854
10.333333,-0.58331239,0.23848201,0.01238512,0.42333180
10.366667,-0.58643883,0.23853011,0.01364992,0.42326286
10.400000,-0.58077204,0.23857468,0.01491601,0.42319596
10.433333,-0.57870328,0.23861864,0.01618254,0.42312843
10.466667,-0.57550645,0.23866223,0.01744920,0.42306089
10.500000,-1.03365636,0.23870549,0.01870200,0.42299590
10.533333,1.84221244,0.23880568,0.02427159,0.42102653
10.566667,0.51928097,0.23912628,0.03067507,0.41775262
10.600000,-1.20643544,0.23949279,0.03726672,0.41399014
10.633333,-1.72799838,0.24020898,0.04423335,0.40962601
10.666667,-1.70756352,0.24096711,0.05145685,0.40481323
10.700000,-1.45979381,0.24146095,0.05867895,0.39949718
10.733333,-3.56394768,0.24193232,0.06602699,0.39383352
10.766667,-7.35773563,0.24223135,0.06907644,0.39080530
10.800000,-2.11634922,0.24244109,0.07072789,0.39016503
10.833333,-0.52187675,0.24261650,0.07423979,0.38991478
10.866667,-2.57055521,0.24265271,0.07647724,0.38941604
10.900000,-1.57747984,0.24270429,0.07793833,0.38923419
10.933333,-1.26977050,0.24274208,0.07942884,0.38916931
10.966667,-1.38772130,0.24273470,0.07982858,0.38894606
11.000000,-2.12988830,0.24326928,0.07985230,0.39095458
11.033333,-0.33851796,0.24385078,0.07981855,0.39397120
11.066667,0.20111710,0.24444310,0.07972827,0.39685336
11.100000,14.56551552,0.24509361,0.07966199,0.39949748
11.133333,9.79875755,0.24604824,0.07963160,0.40405166
11.166667,8.98038769,0.24696557,0.07960191,0.40954527
11.200000,9.56237221,0.24741073,0.07882524,0.41374519
11.233333,9.88895988,0.24734037,0.07839431,0.41553932
11.266667,10.49065971,0.24752234,0.08328956,0.41454524
11.300000,3.00908351,0.24782149,0.09005135,0.41105053
11.333333,1.21331072,0.24820282,0.09665541,0.40703946
11.366667,-0.02038338,0.24858347,0.10324576,0.40302724
11.400000,-1.59792840,0.24898311,0.10956860,0.39927480
11.433333,-5.00433016,0.24925905,0.11457136,0.39647579
11.466667,-3.61067271,0.24933349,0.11650651,0.39520225
11.500000,-1.22296906,0.24943481,0.11756344,0.39489958
11.533333,-0.39687866,0.24949732,0.11862614,0.39482456
11.566667,1.09577966,0.24956378,0.11964106,0.39480615
11.600000,2.58194828,0.24963403,0.12066073,0.39480829
11.633333,2.81771064,0.25187987,0.12099211,0.39738145
11.666667,4.34460735,0.25449100,0.12105737,0.40149549
11.700000,3.82780051,0.25584742,0.12120125,0.40482861
11.733333,2.89954424,0.25703037,0.12138286,0.40774852
11.766667,1.93033278,0.25823674,0.12157831,0.41056901
11.800000,1.39229000,0.25833207,0.12160846,0.41163695
11.833333,0.10275916,0.25832400,0.12158307,0.41177043
11.866667,0.08184470,0.25834706,0.12160436,0.41176337
11.900000,-0.23695138,0.25836879,0.12161156,0.41171870
11.933333,-0.49959442,0.25838983,0.12161159,0.41166785
11.966667,1.66083050,0.25854337,0.12467192,0.41135299
12.000000,-1.20416784,0.25873238,0.12883261,0.41004133
12.033333,-2.88357306,0.25888893,0.13172910,0.40916407
12.066667,-1.28184199,0.25902608,0.13415796,0.40898034
12.100000,-1.48844075,0.25915241,0.13654718,0.40896067
12.133333,-1.37292719,0.25919315,0.13797563,0.40863526
12.166667,-0.07244658,0.25970417,0.14103740,0.40799320
12.200000,-1.30930161,0.26006570,0.14481093,0.40644804
12.233333,-1.58452022,0.26043567,0.14871335,0.40451309
12.266667,-3.89018846,0.26048645,0.15054172,0.40300310
12.300000,-3.41409230,0.26057538,0.15144449,0.40256271
12.333333,-4.91795397,0.26062003,0.15228982,0.40242729
12.366667,-5.95676565,0.26058581,0.15250857,0.40221789
12.400000,-5.39810610,0.26059294,0.15247400,0.40208566
12.433333,-4.47163534,0.26059741,0.15245022,0.40199071
12.466667,-2.22123456,0.26118222,0.15229671,0.40202102
12.500000,-0.24513915,0.26278347,0.15183644,0.40239123
12.533333,0.90164399,0.26554164,0.15068069,0.40292734
12.566667,1.68129110,0.26907235,0.14903763,0.40316990
12.600000,9.44192410,0.27207229,0.14805868,0.40335914
12.633333,10.76184464,0.27277935,0.14768694,0.40313676
12.666667,6.45504045,0.27307335,0.14745089,0.40298754
12.700000,4.67894030,0.27333173,0.14743155,0.40291387
12.733333,0.49787676,0.27349785,0.14741023,0.40281326
12.766667,-1.51835907,0.27365151,0.14750563,0.40274218
12.800000,-0.71463710,0.27394450,0.14815314,0.40279636
12.833333,-0.92503721,0.27585578,0.14912358,0.40322953
12.866667,-1.55668747,0.27771357,0.14987983,0.40336105
12.900000,-1.91625059,0.27799791,0.14998958,0.40302151
12.933333,-1.75546026,0.27805144,0.14992671,0.40286887
12.966667,-5.01925611,0.27829164,0.15141970,0.40285003
13.000000,-8.59732437,0.27827576,0.15190057,0.40263322
13.033333,-8.12137794,0.27830297,0.15207703,0.40251461
13.066667,-8.22159100,0.27829367,0.15210983,0.40236652
13.100000,-7.75362206,0.27829969,0.15206687,0.40223643
13.133333,-7.15104342,0.27830479,0.15202861,0.40212286
13.166667,-6.61443663,0.27831122,0.15199271,0.40201768
13.200000,-5.50647640,0.27831796,0.15196086,0.40191883
13.233333,-4.10483742,0.27832326,0.15193707,0.40182948
13.266667,-3.28549671,0.27832863,0.15191983,0.40174213
13.300000,-2.77788806,0.27833554,0.15190755,0.40166166
13.333333,-2.51650453,0.27834377,0.15189777,0.40158597
13.366667,-1.95152688,0.27835515,0.15189038,0.40151539
13.400000,-1.71373487,0.27836704,0.15188517,0.40144691
13.433333,-1.76299644,0.27837929,0.15188044,0.40137970
13.466667,-1.90201914,0.27839163,0.15187526,0.40131205
13.500000,-1.80315411,0.27840507,0.15187004,0.40124482
13.533333,-2.08813977,0.27841884,0.15186463,0.40117836
13.566667,-2.35805178,0.27843329,0.15185758,0.40111014
13.600000,-2.51971674,0.27844837,0.15184930,0.40104088
13.633333,-2.86798596,0.27846393,0.15184006,0.40097186
13.666667,-3.38811541,0.27847841,0.15182865,0.40090278
13.700000,-3.80657625,0.27849212,0.15181500,0.40083030
13.733333,-4.29937363,0.27850491,0.15179878,0.40075245
13.766667,-3.89184737,0.27851969,0.15178180,0.40067405
13.800000,-3.47723579,0.27853498,0.15176634,0.40059751
13.833333,-2.73513103,0.27855152,0.15175411,0.40052637
13.866667,-2.12761950,0.27857029,0.15174551,0.40046245
13.900000,-1.69484389,0.27858973,0.15173972,0.40039986
13.933333,-1.43331814,0.27860957,0.15173535,0.40033925
13.966667,-1.41860259,0.27862880,0.15173186,0.40027967
14.000000,-1.60346007,0.27864751,0.15172811,0.40021718
14.033333,-2.04628706,0.27866524,0.15172373,0.40015119
14.066667,-2.58911204,0.27868244,0.15171637,0.40008286
14.100000,-3.03654051,0.27870020,0.15170674,0.40001285
14.133333,-3.82660484,0.27871746,0.15169485,0.39994067
14.166667,-4.95979118,0.27873558,0.15167756,0.39986280
14.200000,-6.71239471,0.27875343,0.15165311,0.39977401
14.233333,-8.26735783,0.27876803,0.15161765,0.39967772
14.266667,-8.39680481,0.27878755,0.15157911,0.39958093
14.300000,-8.24642754,0.27880654,0.15154316,0.39949143
14.333333,-7.95029402,0.27882770,0.15150546,0.39939627
14.366667,-7.07013559,0.27885145,0.15147002,0.39930376
14.400000,-6.08613634,0.27887794,0.15143876,0.39921713
14.433333,-4.76791716,0.27890459,0.15141314,0.39913973
14.466667,-3.81980228,0.27892834,0.15139385,0.39906672
14.500000,-3.31394744,0.27895132,0.15137874,0.39899525
14.533333,-3.42457914,0.27897418,0.15136498,0.39892709
14.566667,-4.05064249,0.27899560,0.15135008,0.39885706
14.600000,-5.28841639,0.27901423,0.15133096,0.39878133
14.633333,-6.97794390,0.27903065,0.15130496,0.39869422
14.666667,-7.51898146,0.27905458,0.15127192,0.39860693
14.700000,-7.07397413,0.27908131,0.15123764,0.39851892
14.733333,-6.95022774,0.27911037,0.15120436,0.39843172
14.766667,-7.18569613,0.27913833,0.15117171,0.39834487
14.800000,-6.92394972,0.27916595,0.15113886,0.39826271
14.833333,-7.13008833,0.27919492,0.15110615,0.39817664
14.866667,-7.44397783,0.27922273,0.15107217,0.39808446
14.900000,-7.49902058,0.27925137,0.15103908,0.39799175
14.933333,-7.86759663,0.27927753,0.15100551,0.39789939
14.966667,-7.32271671,0.27930337,0.15097265,0.39780864
15.000000,-7.56812716,0.27932933,0.15094006,0.39771926
15.033333,-7.39798212,0.27935380,0.15090826,0.39763516
15.066667,-7.33961439,0.27937797,0.15087709,0.39755529
15.100000,-14.22041035,0.27932969,0.15082672,0.39742610
15.133333,-14.60730267,0.27924567,0.15076886,0.39725715
15.166667,-14.95361042,0.27916580,0.15071426,0.39709449
15.200000,-14.92066479,0.27908105,0.15065703,0.39691651
15.233333,-13.95477104,0.27899638,0.15060192,0.39673674
15.266667,-15.06637764,0.27891189,0.15054734,0.39655131
15.300000,-13.85525036,0.27882671,0.15049402,0.39637053
15.333333,-16.52732468,0.27874255,0.15043999,0.39618716
15.366667,-10.30142593,0.27866727,0.15039042,0.39602932
15.400000,-15.97475719,0.27859533,0.15034491,0.39588684
15.433333,-15.12083626,0.27851659,0.15029469,0.39571834
15.466667,-14.91054249,0.27843922,0.15024893,0.39554837
15.500000,-17.02968407,0.27836338,0.15020290,0.39537466
15.533333,-16.42232513,0.27829197,0.15015657,0.39521635
15.566667,-6.55778551,0.27822214,0.15011409,0.39506665
15.600000,-13.40907383,0.27816680,0.15008235,0.39496338
15.633333,-16.29815292,0.27810058,0.15004425,0.39481601
15.666667,-14.78647995,0.27803460,0.15000679,0.39466023
15.700000,-15.90361786,0.27797040,0.14996959,0.39449868
15.733333,-8.21451855,0.27791977,0.14993931,0.39438164
15.766667,-14.94399834,0.27787113,0.14991242,0.39427802
15.800000,-12.48567390,0.27781475,0.14987966,0.39414573
15.833333,-14.66244411,0.27775726,0.14984870,0.39400434
15.866667,-12.04971313,0.27770275,0.14981794,0.39386299
15.900000,-14.82475758,0.27764991,0.14978901,0.39372796
15.933333,-13.17611980,0.27760008,0.14976025,0.39360034
15.966667,-13.89609718,0.27755088,0.14973287,0.39347094
16.000000,-15.14304733,0.27751210,0.14971137,0.39337423
16.033333,-14.27891731,0.27747503,0.14968425,0.39327061
16.066667,-11.32532120,0.27743128,0.14965868,0.39315495
16.100000,-11.05457592,0.27738971,0.14963554,0.39304242
16.133333,-10.49682808,0.27734932,0.14961322,0.39293489
16.166667,-10.46692753,0.27731070,0.14958979,0.39282608
16.200000,-12.98702526,0.27727199,0.14956838,0.39271188
16.233333,-11.14895439,0.27723953,0.14954838,0.39262512
16.266667,-13.31855869,0.27720976,0.14952672,0.39253858
16.300000,-7.44476509,0.27721405,0.14951733,0.39249060
16.333333,-6.56007528,0.27721098,0.14950636,0.39242834
16.366667,-6.29234362,0.27720812,0.14949615,0.39236116
16.400000,-6.19815922,0.27720585,0.14948604,0.39229238
16.433333,-5.92293692,0.27720362,0.14947623,0.39222085
16.466667,-5.83064222,0.27720165,0.14946654,0.39215741
16.500000,-5.45485926,0.27719915,0.14945687,0.39209494
16.533333,-5.38326025,0.27719745,0.14944717,0.39203149
16.566667,-5.39121485,0.27719593,0.14943807,0.39196780
16.600000,-5.17902803,0.27719483,0.14942856,0.39190453
16.633333,-5.19566011,0.27719361,0.14941895,0.39183912
16.666667,-5.09991407,0.27719286,0.14940971,0.39176911
16.700000,-5.11916876,0.27719256,0.14940003,0.39170286
16.733333,-5.03473473,0.27719247,0.14939053,0.39163795
16.766667,-5.00392342,0.27719209,0.14938065,0.39157021
16.800000,-5.05377102,0.27719238,0.14937079,0.39150313
16.833333,-5.04897642,0.27719265,0.14936087,0.39143151
16.866667,-5.42830944,0.27719262,0.14935102,0.39135733
16.900000,-5.37141562,0.27719259,0.14933960,0.39128155
16.933333,-5.05093765,0.27719307,0.14932843,0.39120257
16.966667,-4.76032066,0.27719474,0.14931597,0.39112511
17.000000,-4.38709688,0.27719665,0.14930402,0.39105028
17.033333,-3.94667935,0.27719906,0.14929272,0.39097527
17.066667,-3.79222679,0.27720132,0.14928259,0.39090139
17.100000,-3.62300038,0.27720448,0.14927247,0.39082840
17.133333,-3.50554562,0.27720726,0.14926249,0.39075682
17.166667,-3.48845148,0.27721041,0.14925273,0.39068773
17.200000,-3.35152102,0.27721354,0.14924246,0.39062041
17.233333,-3.36305928,0.27721637,0.14923275,0.39055380
17.266667,-3.19130611,0.27721909,0.14922333,0.39048815
17.300000,-2.87126923,0.27722171,0.14921507,0.39042383
17.333333,-2.43614602,0.27722433,0.14920826,0.39035913
17.366667,-2.30993867,0.27722704,0.14920266,0.39029351
17.400000,-2.31918550,0.27722979,0.14919716,0.39022782
17.433333,-2.29253960,0.27723247,0.14919193,0.39016238
17.466667,-2.22349524,0.27723515,0.14918706,0.39009714
17.500000,-1.89020920,0.27723888,0.14918235,0.39003271
17.533333,-1.71644235,0.27724311,0.14917812,0.38997003
17.566667,-1.63258576,0.27724707,0.14917472,0.38990840
17.600000,-1.67851377,0.27725080,0.14917137,0.38984612
17.633333,-1.62389493,0.27725440,0.14916778,0.38978606
17.666667,-1.60756421,0.27725834,0.14916413,0.38972548
17.700000,-1.66477013,0.27726221,0.14916040,0.38966486
17.733333,-1.59139585,0.27726594,0.14915620,0.38960597
17.766667,-1.65459955,0.27726978,0.14915237,0.38954550
17.800000,-1.64077091,0.27727365,0.14914817,0.38948545
17.833333,-1.69753945,0.27727735,0.14914422,0.38942447
17.866667,-1.71435773,0.27728105,0.14913996,0.38936463
17.900000,-1.77459335,0.27728489,0.14913541,0.38930324
17.933333,-1.83787596,0.27728856,0.14913067,0.38924271
17.966667,-1.90939343,0.27729228,0.14912570,0.38918129
18.000000,-1.80523801,0.27729648,0.14912094,0.38911945
18.033333,-1.58392572,0.27730158,0.14911628,0.38905880
18.066667,-1.40251708,0.27730706,0.14911251,0.38899857
18.100000,-1.27136457,0.27731287,0.14910923,0.38893932
18.133333,-1.26690233,0.27731854,0.14910586,0.38888007
18.166667,-1.17132711,0.27732435,0.14910315,0.38882169
18.200000,-1.43451059,0.27732876,0.14910026,0.38876244
18.233333,-1.46935272,0.27733329,0.14909656,0.38870236
18.266667,-1.27243149,0.27733871,0.14909321,0.38864243
18.300000,-1.43523097,0.27734336,0.14908999,0.38858286
18.333333,-1.27369261,0.27734837,0.14908655,0.38852340
18.366667,-1.42987847,0.27735296,0.14908330,0.38846415
18.400000,-1.32800388,0.27735773,0.14907995,0.38840467
18.433333,-1.42113221,0.27736244,0.14907655,0.38834506
18.466667,-1.26746488,0.27736753,0.14907324,0.38828561
18.500000,-1.18389332,0.27737275,0.14907056,0.38822627
18.533333,-1.45226991,0.27737692,0.14906767,0.38816655
18.566667,-1.30649483,0.27738181,0.14906438,0.38810700
18.600000,-1.33370316,0.27738667,0.14906092,0.38804707
18.633333,-1.25710893,0.27739161,0.14905789,0.38798779
18.666667,-1.48965669,0.27739561,0.14905480,0.38792714
18.700000,-1.33365905,0.27740031,0.14905152,0.38786751
18.733333,-1.22166407,0.27740529,0.14904837,0.38780785
18.766667,-1.35964859,0.27740964,0.14904530,0.38774818
18.800000,-1.30870771,0.27741426,0.14904210,0.38768837
18.833333,-1.36732614,0.27741870,0.14903867,0.38762835
18.866667,-1.20396352,0.27742344,0.14903568,0.38756880
18.900000,-1.38252234,0.27742752,0.14903270,0.38750899
18.933333,-1.23405576,0.27743217,0.14902987,0.38744926
18.966667,-1.41325319,0.27743596,0.14902677,0.38738942
19.000000,-1.20647109,0.27744076,0.14902364,0.38732979
19.033333,-1.33041561,0.27744493,0.14902061,0.38726994
19.066667,-1.18034959,0.27744946,0.14901756,0.38721091
19.100000,-1.36285436,0.27745354,0.14901456,0.38715088
19.133333,-1.31472611,0.27745742,0.14901155,0.38709113
19.166667,-1.32140183,0.27746141,0.14900848,0.38703135
19.200000,-1.15281403,0.27746585,0.14900589,0.38697189
19.233333,-1.29882848,0.27746984,0.14900306,0.38691288
19.266667,-1.23817015,0.27747402,0.14900014,0.38685340
19.300000,-1.32838523,0.27747771,0.14899738,0.38679323
19.333333,-1.26113868,0.27748197,0.14899446,0.38673347
19.366667,-1.40459895,0.27748558,0.14899144,0.38667315
19.400000,-1.31808782,0.27748945,0.14898822,0.38661340
19.433333,-1.17579603,0.27749383,0.14898516,0.38655362
19.466667,-1.25234509,0.27749830,0.14898227,0.38649455
19.500000,-1.28381705,0.27750212,0.14897926,0.38643563
19.533333,-1.26619399,0.27750626,0.14897616,0.38637602
19.566667,-1.30741262,0.27751014,0.14897321,0.38631642
19.600000,-1.24030590,0.27751416,0.14897007,0.38625708
19.633333,-1.32028949,0.27751806,0.14896691,0.38619721
19.666667,-1.13455296,0.27752241,0.14896411,0.38613853
19.700000,-1.41099751,0.27752525,0.14896169,0.38607869
19.733333,-1.31777823,0.27752888,0.14895821,0.38601950
19.766667,-1.41644394,0.27753231,0.14895481,0.38596171
19.800000,-1.39711452,0.27753553,0.14895117,0.38590518
19.833333,-1.49193060,0.27753887,0.14894722,0.38584745
19.866667,-1.56757379,0.27754191,0.14894319,0.38579017
19.900000,-1.57432842,0.27754542,0.14893863,0.38573083
19.933333,-1.31880379,0.27755004,0.14893438,0.38567135
19.966667,-1.35585630,0.27755469,0.14893065,0.38561195
20.000000,-1.21336746,0.27755946,0.14892718,0.38555309
20.033333,-1.31023526,0.27756369,0.14892392,0.38549381
20.066667,-1.11864793,0.27756843,0.14892064,0.38543531
20.100000,-1.37685013,0.27757213,0.14891759,0.38537633
20.133333,-1.27535987,0.27757582,0.14891425,0.38531691
20.166667,-1.28533745,0.27758008,0.14891075,0.38525730
20.200000,-1.32039833,0.27758408,0.14890769,0.38519797
20.233333,-1.31184387,0.27758816,0.14890409,0.38513851
20.266667,-1.32958412,0.27759212,0.14890072,0.38507870
20.300000,-1.20092893,0.27759638,0.14889757,0.38501969
20.333333,-1.35309923,0.27760020,0.14889418,0.38495994
20.366667,-1.31661522,0.27760428,0.14889066,0.38490057
20.400000,-1.29645908,0.27760822,0.14888731,0.38484105
20.433333,-1.32420933,0.27761215,0.14888401,0.38478300
20.466667,-1.30164540,0.27761605,0.14888047,0.38472468
20.500000,-1.27146220,0.27761990,0.14887713,0.38466552
20.533333,-1.32631886,0.27762395,0.14887385,0.38460630
20.566667,-1.22404563,0.27762789,0.14887042,0.38454747
20.600000,-1.28140640,0.27763221,0.14886700,0.38448846
20.633333,-1.34653330,0.27763590,0.14886364,0.38442960
20.666667,-1.25994027,0.27763984,0.14886028,0.38437063
20.700000,-1.22017372,0.27764422,0.14885668,0.38431159
20.733333,-0.97227234,0.27764949,0.14885363,0.38425431
20.766667,-1.19729805,0.27765366,0.14885072,0.38419688
20.800000,-1.40401697,0.27765691,0.14884751,0.38413748
20.833333,-1.25005615,0.27766076,0.14884363,0.38407978
20.866667,-1.33234036,0.27766430,0.14884013,0.38402227
20.900000,-1.39189672,0.27766791,0.14883630,0.38396403
20.933333,-1.34059012,0.27767152,0.14883257,0.38390559
20.966667,-1.40862644,0.27767512,0.14882864,0.38384616
21.000000,-1.19650269,0.27767935,0.14882475,0.38378745
21.033333,-1.36580539,0.27768344,0.14882115,0.38372847
21.066667,-1.20196235,0.27768746,0.14881757,0.38366961
21.100000,-1.35162079,0.27769110,0.14881411,0.38361084
21.133333,-1.25845349,0.27769500,0.14881057,0.38355193
21.166667,-1.26405835,0.27769908,0.14880672,0.38349298
21.200000,-1.16581941,0.27770332,0.14880371,0.38343477
21.233333,-1.18136859,0.27770743,0.14880039,0.38337660
21.266667,-1.31492531,0.27771112,0.14879680,0.38331813
21.300000,-1.14516377,0.27771544,0.14879338,0.38325977
21.333333,-1.17547989,0.27771991,0.14878979,0.38320184
21.366667,-1.29056299,0.27772358,0.14878634,0.38314378
21.400000,-1.16552126,0.27772799,0.14878279,0.38308498
21.433333,-1.20750773,0.27773255,0.14877941,0.38302690
21.466667,-1.24277925,0.27773651,0.14877576,0.38296959
21.500000,-1.23662782,0.27774045,0.14877228,0.38291085
21.533333,-1.28653705,0.27774432,0.14876889,0.38285223
21.566667,-1.28283620,0.27774766,0.14876537,0.38279280
21.600000,-1.29395437,0.27775142,0.14876156,0.38273340
21.633333,-1.14031327,0.27775541,0.14875841,0.38267469
21.666667,-1.18981886,0.27775970,0.14875476,0.38261658
21.700000,-1.28260732,0.27776334,0.14875127,0.38255829
21.733333,-1.15649891,0.27776769,0.14874761,0.38249993
21.766667,-1.37331033,0.27777082,0.14874433,0.38244128
21.800000,-1.24882698,0.27777463,0.14874044,0.38238224
21.833333,-1.18504953,0.27777854,0.14873700,0.38232318
21.866667,-1.20580077,0.27778271,0.14873351,0.38226542
21.900000,-1.19737923,0.27778661,0.14873022,0.38220748
21.933333,-1.27754569,0.27779022,0.14872672,0.38214898
21.966667,-1.22725666,0.27779412,0.14872323,0.38209090
22.000000,-1.39563978,0.27779731,0.14871952,0.38203162
22.033333,-1.30028844,0.27780083,0.14871573,0.38197276
22.066667,-1.18396068,0.27780470,0.14871210,0.38191414
22.100000,-1.29476476,0.27780837,0.14870821,0.38185507
22.133333,-1.23805785,0.27781215,0.14870472,0.38179660
22.166667,-1.31068289,0.27781558,0.14870097,0.38173753
22.200000,-1.29256487,0.27781922,0.14869723,0.38168004
22.233333,-1.29472160,0.27782261,0.14869355,0.38162181
22.266667,-1.31089032,0.27782643,0.14868949,0.38156310
22.300000,-1.29032528,0.27783006,0.14868557,0.38150573
22.333333,-1.31534398,0.27783382,0.14868155,0.38144854
22.366667,-1.22726929,0.27783778,0.14867738,0.38139045
22.400000,-1.34408140,0.27784157,0.14867344,0.38133201
22.433333,-1.17727101,0.27784586,0.14866954,0.38127360
22.466667,-1.32309580,0.27784953,0.14866573,0.38121521
22.500000,-1.12603307,0.27785370,0.14866191,0.38115746
22.533333,-1.41840327,0.27785656,0.14865819,0.38109869
22.566667,-1.15084660,0.27786031,0.14865424,0.38104013
22.600000,-1.20573306,0.27786446,0.14865091,0.38098103
22.633333,-1.33349812,0.27786785,0.14864698,0.38092241
22.666667,-1.21199763,0.27787149,0.14864318,0.38086441
22.700000,-1.27463245,0.27787507,0.14863914,0.38080591
22.733333,-1.23204756,0.27787870,0.14863557,0.38074711
22.766667,-1.20732701,0.27788213,0.14863189,0.38068849
22.800000,-1.20222485,0.27788576,0.14862819,0.38063145
22.833333,-1.24412930,0.27788940,0.14862455,0.38057429
22.866667,-1.23651302,0.27789289,0.14862037,0.38051602
22.900000,-1.30076563,0.27789620,0.14861672,0.38045743
22.933333,-1.21748269,0.27789986,0.14861275,0.38039905
22.966667,-1.21150267,0.27790344,0.14860882,0.38034025
23.000000,-1.26979697,0.27790710,0.14860503,0.38028246
23.033333,-1.19310260,0.27791098,0.14860092,0.38022411
23.066667,-1.28028262,0.27791438,0.14859706,0.38016579
23.100000,-1.23554313,0.27791765,0.14859328,0.38010752
23.133333,-1.28864908,0.27792123,0.14858922,0.38005024
23.166667,-1.38327086,0.27792427,0.14858484,0.37999290
23.200000,-1.21902668,0.27792758,0.14858067,0.37993538
23.233333,-1.27477205,0.27793109,0.14857638,0.37987867
23.266667,-1.36594808,0.27793437,0.14857203,0.37982157
23.300000,-1.39364827,0.27793810,0.14856763,0.37976372
23.333333,-1.27114177,0.27794173,0.14856347,0.37970662
23.366667,-1.11151409,0.27794608,0.14855930,0.37964892
23.400000,-1.24827302,0.27794993,0.14855564,0.37959149
23.433333,-1.25109398,0.27795354,0.14855163,0.37953287
23.466667,-1.22927773,0.27795720,0.14854775,0.37947509
23.500000,-1.41547084,0.27796012,0.14854364,0.37941626
23.533333,-1.31779981,0.27796340,0.14853947,0.37935784
23.566667,-1.14304531,0.27796733,0.14853550,0.37929952
23.600000,-1.23891377,0.27797091,0.14853142,0.37924144
23.633333,-1.19440520,0.27797467,0.14852783,0.37918344
23.666667,-1.40302873,0.27797765,0.14852381,0.37912449
23.700000,-1.09124041,0.27798158,0.14851986,0.37906644
23.733333,-1.24054968,0.27798522,0.14851625,0.37900883
23.766667,-1.26064479,0.27798849,0.14851205,0.37895069
23.800000,-1.20709753,0.27799195,0.14850800,0.37889403
23.833333,-1.27662492,0.27799523,0.14850415,0.37883639
23.866667,-1.27405810,0.27799854,0.14849971,0.37877852
23.900000,-1.21570301,0.27800232,0.14849573,0.37872016
23.933333,-1.17528224,0.27800596,0.14849187,0.37866247
23.966667,-1.32698393,0.27800906,0.14848809,0.37860405
24.000000,-1.35257912,0.27801222,0.14848386,0.37854603
24.033333,-1.18358374,0.27801585,0.14847995,0.37848803
24.066667,-1.20570302,0.27801922,0.14847593,0.37842995
24.100000,-1.20443034,0.27802277,0.14847203,0.37837207
24.133333,-1.41005266,0.27802539,0.14846803,0.37831318
24.166667,-1.24715090,0.27802864,0.14846392,0.37825450
24.200000,-1.23090470,0.27803215,0.14845990,0.37819657
24.233333,-1.31680691,0.27803525,0.14845574,0.37813789
24.266667,-1.27391255,0.27803841,0.14845172,0.37807995
24.300000,-1.13354027,0.27804178,0.14844766,0.37802249
24.333333,-1.18649399,0.27804512,0.14844377,0.37796649
24.366667,-1.29980350,0.27804810,0.14843956,0.37791005
24.400000,-1.16642964,0.27805144,0.14843552,0.37785226
24.433333,-1.24003625,0.27805504,0.14843152,0.37779573
24.466667,-1.31852579,0.27805787,0.14842720,0.37773865
24.500000,-1.16980183,0.27806133,0.14842305,0.37768120
24.533333,-1.25916922,0.27806482,0.14841874,0.37762332
24.566667,-1.01386786,0.27806908,0.14841495,0.37756705
24.600000,-1.27248442,0.27807218,0.14841086,0.37751094
24.633333,-1.20618641,0.27807555,0.14840654,0.37745345
24.666667,-1.33504975,0.27807856,0.14840239,0.37739533
24.700000,-1.21701026,0.27808189,0.14839821,0.37733755
24.733333,-1.17998898,0.27808529,0.14839423,0.37727979
24.766667,-1.18847072,0.27808866,0.14839035,0.37722307
24.800000,-1.22430766,0.27809209,0.14838623,0.37716654
24.833333,-1.27092111,0.27809516,0.14838211,0.37710908
24.866667,-1.25200319,0.27809826,0.14837795,0.37705183
24.900000,-1.12461412,0.27810183,0.14837380,0.37699428
24.933333,-1.14070153,0.27810511,0.14837003,0.37693849
24.966667,-1.31689036,0.27810794,0.14836589,0.37688175
25.000000,-1.23379159,0.27811083,0.14836153,0.37682357
25.033333,-1.27219832,0.27811390,0.14835714,0.37676609
25.066667,-1.31265569,0.27811670,0.14835288,0.37670949
25.100000,-1.33431029,0.27811953,0.14834820,0.37665299
25.133333,-1.21992421,0.27812266,0.14834364,0.37659621
25.166667,-1.28484297,0.27812597,0.14833932,0.37653899
25.200000,-1.30633628,0.27812898,0.14833494,0.37648189
25.233333,-1.27014673,0.27813259,0.14833055,0.37642443
25.266667,-1.15483892,0.27813599,0.14832638,0.37636685
25.300000,-1.30022335,0.27813923,0.14832197,0.37630934
25.333333,-1.10699677,0.27814272,0.14831778,0.37625286
25.366667,-1.44538116,0.27814516,0.14831348,0.37619573
25.400000,-1.27295637,0.27814806,0.14830887,0.37613776
25.433333,-1.16711807,0.27815154,0.14830469,0.37608024
25.466667,-1.31259751,0.27815437,0.14830050,0.37602180
25.500000,-1.21261787,0.27815744,0.14829615,0.37596494
25.533333,-1.19186628,0.27816051,0.14829186,0.37590858
25.566667,-1.24014068,0.27816376,0.14828731,0.37585208
25.600000,-1.33546209,0.27816653,0.14828272,0.37579679
25.633333,-1.28003907,0.27816957,0.14827816,0.37574154
25.666667,-1.34860957,0.27817231,0.14827353,0.37568510
25.700000,-1.34894943,0.27817494,0.14826900,0.37562862
25.733333,-1.26994896,0.27817792,0.14826435,0.37557143
25.766667,-1.20124114,0.27818137,0.14826003,0.37551513
25.800000,-1.16896307,0.27818489,0.14825594,0.37545753
25.833333,-1.27639794,0.27818796,0.14825191,0.37540063
25.866667,-1.31480694,0.27819082,0.14824747,0.37534243
25.900000,-1.22999334,0.27819437,0.14824308,0.37528443
25.933333,-1.32500648,0.27819756,0.14823896,0.37522656
25.966667,-1.20695746,0.27820089,0.14823452,0.37516853
26.000000,-1.29490817,0.27820423,0.14823000,0.37511182
26.033333,-1.32687950,0.27820697,0.14822559,0.37505561
26.066667,-1.21877646,0.27821061,0.14822115,0.37499881
26.100000,-1.31036472,0.27821389,0.14821663,0.37494186
26.133333,-1.26038754,0.27821743,0.14821219,0.37488490
26.166667,-1.16278493,0.27822101,0.14820795,0.37482774
26.200000,-1.28808653,0.27822441,0.14820372,0.37477118
26.233333,-1.22314632,0.27822790,0.14819932,0.37471440
26.266667,-1.20551586,0.27823150,0.14819537,0.37465763
26.300000,-1.36824131,0.27823454,0.14819083,0.37459970
26.333333,-1.37128472,0.27823794,0.14818622,0.37454289
26.366667,-1.01794147,0.27824202,0.14818192,0.37448671
26.400000,-1.23350179,0.27824536,0.14817834,0.37443051
26.433333,-1.47167134,0.27824813,0.14817339,0.37437239
26.466667,-1.15657485,0.27825207,0.14816907,0.37431461
26.500000,-1.27382588,0.27825552,0.14816493,0.37425762
26.533333,-1.25027001,0.27825898,0.14816053,0.37419984
26.566667,-1.32827032,0.27826196,0.14815596,0.37414402
26.600000,-1.27288496,0.27826527,0.14815128,0.37408656
26.633333,-1.38534820,0.27826837,0.14814679,0.37402931
26.666667,-1.24788356,0.27827179,0.14814191,0.37397301
26.700000,-1.18907726,0.27827498,0.14813754,0.37391660
26.733333,-1.23448980,0.27827820,0.14813301,0.37386063
26.766667,-1.35925138,0.27828127,0.14812836,0.37380445
26.800000,-1.27007723,0.27828452,0.14812393,0.37374762
26.833333,-1.16804671,0.27828816,0.14811963,0.37369105
26.866667,-1.34177697,0.27829152,0.14811508,0.37363341
26.900000,-1.25413859,0.27829495,0.14811052,0.37357679
26.933333,-1.09429705,0.27829877,0.14810640,0.37352067
26.966667,-1.33912122,0.27830172,0.14810212,0.37346315
27.000000,-1.22840869,0.27830508,0.14809778,0.37340578
27.033333,-1.31063294,0.27830845,0.14809313,0.37334844
27.066667,-1.23384404,0.27831176,0.14808889,0.37329137
27.100000,-1.26609123,0.27831462,0.14808419,0.37323624
27.133333,-1.28975654,0.27831763,0.14807945,0.37317899
27.166667,-1.28306031,0.27832094,0.14807500,0.37312177
27.200000,-1.31641543,0.27832416,0.14807057,0.37306485
27.233333,-1.21048117,0.27832758,0.14806627,0.37300798
27.266667,-1.32655776,0.27833071,0.14806181,0.37295061
27.300000,-1.34084070,0.27833384,0.14805727,0.37289298
27.333333,-1.23536587,0.27833697,0.14805278,0.37283617
27.366667,-1.31046689,0.27834025,0.14804806,0.37277913
27.400000,-1.33009326,0.27834311,0.14804372,0.37272236
27.433333,-1.20135009,0.27834621,0.14803903,0.37266546
27.466667,-1.28405702,0.27834952,0.14803451,0.37260842
27.500000,-1.28908718,0.27835283,0.14802997,0.37255153
27.533333,-1.18224573,0.27835608,0.14802565,0.37249538
27.566667,-1.34506178,0.27835900,0.14802130,0.37243763
27.600000,-1.27833307,0.27836201,0.14801657,0.37238106
27.633333,-1.29269373,0.27836487,0.14801173,0.37232366
27.666667,-1.29288375,0.27836806,0.14800723,0.37226662
27.700000,-1.22979069,0.27837104,0.14800285,0.37221029
27.733333,-1.33154809,0.27837408,0.14799815,0.37215272
27.766667,-1.35843372,0.27837703,0.14799355,0.37209520
27.800000,-1.25634563,0.27837992,0.14798886,0.37203828
27.833333,-1.23439658,0.27838290,0.14798430,0.37198177
27.866667,-1.32688093,0.27838594,0.14797953,0.37192497
27.900000,-1.34072769,0.27838868,0.14797491,0.37186852
27.933333,-1.23099422,0.27839157,0.14797033,0.37181240
27.966667,-1.32922471,0.27839452,0.14796533,0.37175637
28.000000,-1.32271588,0.27839747,0.14796072,0.37169963
28.033333,-1.18396509,0.27840072,0.14795600,0.37164298
28.066667,-1.31958413,0.27840364,0.14795154,0.37158540
28.100000,-1.22750902,0.27840653,0.14794669,0.37153012
28.133333,-1.20506036,0.27840948,0.14794233,0.37147477
28.166667,-1.35603094,0.27841213,0.14793763,0.37141788
28.200000,-1.31710613,0.27841496,0.14793280,0.37136272
28.233333,-1.30707443,0.27841783,0.14792804,0.37130702
28.266667,-1.22145498,0.27842087,0.14792326,0.37125114
28.300000,-1.34783959,0.27842382,0.14791872,0.37119401
28.333333,-1.34676874,0.27842665,0.14791368,0.37113804
28.366667,-1.21896112,0.27842972,0.14790906,0.37108198
28.400000,-1.20644629,0.27843273,0.14790472,0.37102568
28.433333,-1.32367909,0.27843568,0.14789969,0.37096938
28.466667,-1.27530253,0.27843896,0.14789493,0.37091339
28.500000,-1.17763555,0.27844203,0.14789082,0.37085709
28.533333,-1.33666444,0.27844480,0.14788602,0.37080002
28.566667,-1.30640781,0.27844802,0.14788134,0.37074357
28.600000,-1.21041846,0.27845109,0.14787681,0.37068719
28.633333,-1.32768679,0.27845386,0.14787202,0.37063015
28.666667,-1.34138322,0.27845660,0.14786746,0.37057346
28.700000,-1.21397018,0.27845958,0.14786276,0.37051693
28.733333,-1.28223300,0.27846229,0.14785784,0.37045979
28.766667,-1.33703601,0.27846476,0.14785333,0.37040350
28.800000,-1.25196373,0.27846748,0.14784858,0.37034690
28.833333,-1.18798625,0.27847028,0.14784373,0.37029025
28.866667,-1.17994797,0.27847362,0.14783922,0.37023339
28.900000,-1.28681839,0.27847636,0.14783506,0.37017709
28.933333,-1.29845357,0.27847901,0.14783004,0.37011990
28.966667,-1.28505766,0.27848178,0.14782546,0.37006265
29.000000,-1.23927867,0.27848485,0.14782096,0.37000638
29.033333,-1.17092597,0.27848792,0.14781633,0.36995065
29.066667,-1.37969565,0.27849022,0.14781167,0.36989394
29.100000,-1.30072010,0.27849284,0.14780670,0.36983857
29.133333,-1.26175559,0.27849516,0.14780180,0.36978301
29.166667,-1.36584771,0.27849761,0.14779708,0.36972660
29.200000,-1.35193563,0.27849990,0.14779210,0.36967087
29.233333,-1.31279957,0.27850217,0.14778724,0.36961502
29.266667,-1.24319804,0.27850497,0.14778242,0.36955878
29.300000,-1.30033851,0.27850780,0.14777748,0.36950248
29.333333,-1.33938825,0.27850994,0.14777279,0.36944625
29.366667,-1.22328675,0.27851254,0.14776768,0.36938995
29.400000,-1.16464567,0.27851522,0.14776303,0.36933389
29.433333,-1.17197978,0.27851826,0.14775862,0.36927673
29.466667,-1.27850020,0.27852073,0.14775433,0.36922011
29.500000,-1.30990028,0.27852306,0.14774936,0.36916235
29.533333,-1.07605255,0.27852663,0.14774494,0.36910528
29.566667,-1.08559096,0.27853012,0.14774098,0.36904925
29.600000,-1.08219302,0.27853304,0.14773692,0.36899471
29.633333,-1.44919169,0.27853465,0.14773220,0.36893785
29.666667,-1.27160835,0.27853671,0.14772719,0.36888108
29.700000,-1.21947062,0.27853924,0.14772213,0.36882502
29.733333,-1.37013614,0.27854139,0.14771752,0.36876869
29.766667,-1.16270065,0.27854419,0.14771272,0.36871189
29.800000,-1.11897993,0.27854720,0.14770846,0.36865625
29.833333,-1.39055073,0.27854916,0.14770365,0.36859956
29.866667,-1.14182270,0.27855211,0.14769877,0.36854261
29.900000,-1.17080045,0.27855512,0.14769462,0.36848664
29.933333,-1.35952246,0.27855718,0.14768991,0.36842942
29.966667,-1.32000911,0.27855927,0.14768508,0.36837372
30.000000,-1.27295125,0.27856141,0.14767997,0.36831748
30.033333,-1.23847520,0.27856392,0.14767517,0.36826074
30.066667,-1.30327439,0.27856648,0.14767033,0.36820427
30.100000,-1.33123815,0.27856863,0.14766540,0.36814883
30.133333,-1.19263494,0.27857134,0.14766045,0.36809227
30.166667,-1.19783282,0.27857414,0.14765593,0.36803511
30.200000,-1.25715446,0.27857649,0.14765146,0.36797956
30.233333,-1.33192968,0.27857885,0.14764646,0.36792216
30.266667,-1.32505429,0.27858105,0.14764158,0.36786672
30.300000,-1.31156325,0.27858308,0.14763670,0.36781067
30.333333,-1.21226680,0.27858567,0.14763175,0.36775413
30.366667,-1.20671833,0.27858841,0.14762722,0.36769724
30.400000,-1.28873372,0.27859062,0.14762264,0.36764133
30.433333,-1.24702132,0.27859285,0.14761761,0.36758459
30.466667,-1.40552998,0.27859500,0.14761269,0.36752763
30.500000,-1.09513223,0.27859804,0.14760818,0.36747092
30.533333,-1.24561894,0.27860025,0.14760371,0.36741543
30.566667,-1.28104007,0.27860269,0.14759883,0.36735871
30.600000,-1.26367092,0.27860531,0.14759424,0.36730206
30.633333,-1.23229015,0.27860773,0.14758965,0.36724618
30.666667,-1.10678184,0.27861047,0.14758512,0.36719042
30.700000,-1.41818142,0.27861202,0.14758047,0.36713305
30.733333,-1.21238470,0.27861464,0.14757551,0.36707610
30.766667,-1.01749563,0.27861801,0.14757100,0.36701933
30.800000,-1.24099779,0.27862024,0.14756688,0.36696267
30.833333,-1.36528075,0.27862236,0.14756182,0.36690491
30.866667,-1.36711490,0.27862427,0.14755699,0.36684895
30.900000,-1.18847394,0.27862635,0.14755203,0.36679268
30.933333,-1.41193986,0.27862820,0.14754684,0.36673620
30.966667,-1.03948474,0.27863115,0.14754221,0.36668006
31.000000,-1.25986648,0.27863342,0.14753786,0.36662370
31.033333,-1.20818233,0.27863589,0.14753310,0.36656633
31.066667,-1.26785529,0.27863809,0.14752837,0.36651081
31.100000,-1.15940630,0.27864045,0.14752367,0.36645469
31.133333,-1.18863022,0.27864292,0.14751916,0.36639917
31.166667,-1.44336498,0.27864444,0.14751413,0.36634248
31.200000,-1.23499942,0.27864656,0.14750914,0.36628640
31.233333,-1.07093501,0.27864915,0.14750439,0.36623123
31.266667,-1.02587616,0.27865195,0.14750017,0.36617577
31.300000,-1.36849391,0.27865320,0.14749552,0.36611965
31.333333,-1.38430381,0.27865458,0.14749028,0.36606225
31.366667,-1.20065963,0.27865678,0.14748527,0.36600587
31.400000,-1.12855506,0.27865931,0.14748059,0.36594969
31.433333,-1.32830369,0.27866089,0.14747609,0.36589336
31.466667,-1.25559795,0.27866283,0.14747085,0.36583629
31.500000,-1.10536993,0.27866545,0.14746623,0.36577961
31.533333,-1.27331126,0.27866751,0.14746168,0.36572278
31.566667,-1.18831551,0.27866980,0.14745690,0.36566627
31.600000,-1.21429765,0.27867189,0.14745228,0.36561087
31.633333,-1.33132076,0.27867371,0.14744724,0.36555409
31.666667,-1.37054884,0.27867529,0.14744236,0.36549774
31.700000,-1.26461613,0.27867711,0.14743723,0.36544085
31.733333,-1.11524820,0.27867976,0.14743251,0.36538449
31.766667,-1.04968667,0.27868271,0.14742845,0.36532852
31.800000,-1.29680836,0.27868444,0.14742391,0.36527160
31.833333,-1.19903219,0.27868649,0.14741917,0.36521497
31.866667,-1.25208938,0.27868849,0.14741421,0.36515886
31.900000,-1.15704226,0.27869067,0.14740963,0.36510321
31.933333,-1.33156276,0.27869219,0.14740472,0.36504692
31.966667,-1.31907701,0.27869388,0.14739990,0.36499029
32.000000,-1.29521203,0.27869549,0.14739463,0.36493436
32.033333,-1.19793105,0.27869734,0.14738975,0.36487803
32.066667,-1.26381946,0.27869934,0.14738485,0.36482099
32.100000,-1.33182287,0.27870095,0.14738010,0.36476439
32.133333,-1.17033565,0.27870300,0.14737524,0.36470768
32.166667,-1.11161494,0.27870539,0.14737064,0.36465108
32.200000,-1.32007539,0.27870661,0.14736593,0.36459565
32.233333,-1.20949936,0.27870840,0.14736085,0.36453894
32.266667,-1.22424805,0.27871022,0.14735590,0.36448276
32.300000,-1.12724555,0.27871281,0.14735137,0.36442611
32.333333,-1.26865220,0.27871451,0.14734679,0.36437005
32.366667,-1.13015234,0.27871650,0.14734186,0.36431414
32.400000,-1.11077511,0.27871862,0.14733736,0.36425981
32.433333,-1.41568947,0.27871954,0.14733258,0.36420310
32.466667,-5.73128271,0.27882016,0.14712285,0.36873674
32.500000,4.45849085,0.27828673,0.14698875,0.37245807
32.533333,-0.22420487,0.27778542,0.14684604,0.37313882
32.566667,-1.24607670,0.27730682,0.14681743,0.37323117
32.600000,-1.25103092,0.27682978,0.14680791,0.37320384
32.633333,-1.22736013,0.27635324,0.14680322,0.37315345
32.666667,-1.15194285,0.27587861,0.14679958,0.37309709
32.700000,-1.41312921,0.27539998,0.14679579,0.37303862
32.733333,-1.39986360,0.27492464,0.14679183,0.37298024
32.766667,-1.38957274,0.27445111,0.14678788,0.37292036
32.800000,-1.41933334,0.27397648,0.14678368,0.37285948
32.833333,-1.45258164,0.27350256,0.14677943,0.37279788
32.866667,-1.49399209,0.27302894,0.14677508,0.37273616
32.900000,-1.49790621,0.27255270,0.14677040,0.37267488
32.933333,-1.48444879,0.27207735,0.14676595,0.37261468
32.966667,-1.28472900,0.27160782,0.14676188,0.37255436
33.000000,-1.27234292,0.27113315,0.14675759,0.37249386
33.033333,-1.31926954,0.27065542,0.14675340,0.37243551
33.066667,-1.28504479,0.27018204,0.14674936,0.37237644
33.100000,-1.15995240,0.26970792,0.14674552,0.37231845
33.133333,-1.44996655,0.26922935,0.14674136,0.37226027
33.166667,-1.26194251,0.26875448,0.14673701,0.37220261
33.200000,-1.17761147,0.26827928,0.14673315,0.37214488
33.233333,-1.57800126,0.26779979,0.14672895,0.37208727
33.266667,-1.37666142,0.26732466,0.14672406,0.37202919
33.300000,-3.23483014,0.26752770,0.14681119,0.37455049
33.333333,-0.02294484,0.26776820,0.14688842,0.37896901
33.366667,0.50862211,0.26798880,0.14689325,0.38374391
33.400000,0.74575078,0.26821071,0.14688660,0.38850841
33.433333,0.84660053,0.26843315,0.14688264,0.39333424
33.466667,0.92255855,0.26865473,0.14687435,0.39813635
33.500000,0.97373462,0.26887956,0.14687088,0.40291119
33.533333,1.20143437,0.26910529,0.14686958,0.40770349
33.566667,1.40025091,0.26933098,0.14686833,0.41252634
33.600000,1.65449536,0.26955545,0.14686321,0.41736251
33.633333,1.62193775,0.26979384,0.14686325,0.42202210
33.666667,4.26148415,0.26966843,0.14674896,0.42391706
33.700000,5.19211054,0.26967531,0.14666320,0.42413199
33.733333,17.45828629,0.26971003,0.14692096,0.42419645
33.766667,8.15087223,0.26971725,0.14728266,0.42422011
33.800000,9.95620251,0.26942828,0.15234549,0.42267209
33.833333,3.56422424,0.26891705,0.15935056,0.41886091
33.866667,1.12142384,0.26847026,0.16646047,0.41441748
33.900000,-1.28667891,0.26804540,0.17369255,0.40967619
33.933333,-2.57716346,0.26799217,0.18071234,0.40467319
33.966667,-3.76615167,0.26822469,0.18703033,0.40050066
34.000000,-5.85285568,0.26804346,0.18941420,0.39780527
34.033333,-1.95419908,0.26807421,0.18967299,0.39688101
34.066667,-0.79696250,0.26810819,0.18964964,0.39658749
34.100000,-0.50026035,0.26812831,0.18958990,0.39646548
34.133333,-1.29459417,0.26814005,0.18952803,0.39638802
34.166667,-3.82169533,0.26696154,0.18499222,0.39451635
34.200000,-1.95056367,0.26616731,0.17852414,0.39271739
34.233333,-72.49074554,0.26545826,0.17376861,0.39167306
34.266667,-71.32025909,0.26497421,0.17097451,0.39098933
34.300000,-75.80715942,0.26456931,0.16836102,0.39029357
34.333333,-76.81162262,0.26415250,0.16574925,0.38964492
34.366667,-81.95292664,0.26382193,0.16329539,0.38876671
34.400000,-82.79000092,0.26350713,0.16083156,0.38786256
34.433333,-71.53144836,0.26315552,0.15834381,0.38696164
34.466667,-87.42757416,0.26285851,0.15597191,0.38601911
34.500000,-85.23985291,0.26260722,0.15361027,0.38505244
34.533333,-74.58684540,0.26227021,0.15118593,0.38409984
34.566667,-88.89722443,0.26201123,0.14880049,0.38311428
34.600000,-93.82128143,0.26170123,0.14636494,0.38211736
34.633333,-92.72063446,0.26147997,0.14398617,0.38111550
34.666667,-73.19313812,0.26123667,0.14139818,0.38060820
34.700000,-27.71103096,0.26110214,0.13888057,0.37962675
34.733333,-43.75094604,0.26326481,0.13947316,0.38026351
34.766667,-6.73529434,0.26475799,0.13807414,0.38291058
34.800000,-0.51981801,0.26618910,0.13596554,0.38880622
34.833333,0.88178390,0.26758602,0.13375580,0.39536595
34.866667,4.03415823,0.26771629,0.13293518,0.39852524
34.900000,-0.47920507,0.26765078,0.13296741,0.39908367
34.933333,-1.21551681,0.26764622,0.13308136,0.39914855
34.966667,-1.39037740,0.26764637,0.13321616,0.39910969
35.000000,-1.35827398,0.26764831,0.13335389,0.39905009
35.033333,-1.37809467,0.26765040,0.13349354,0.39898616
35.066667,-1.38954890,0.26765263,0.13363290,0.39892176
35.100000,-1.31861138,0.26765487,0.13377202,0.39885688
35.133333,-1.33116102,0.26765692,0.13391085,0.39879265
35.166667,-1.37362516,0.26765925,0.13404928,0.39872900
35.200000,-1.39231086,0.26766160,0.13418767,0.39866537
35.233333,-1.29533827,0.26766366,0.13432668,0.39860117
35.266667,-1.36788619,0.26766577,0.13446569,0.39853695
35.300000,-1.35674751,0.26766798,0.13460462,0.39847320
35.333333,-1.42025888,0.26767007,0.13474408,0.39840874
35.366667,-1.33843827,0.26767233,0.13488255,0.39834452
35.400000,-1.27804875,0.26767457,0.13502154,0.39828044
35.433333,-1.45970368,0.26767659,0.13516086,0.39821616
35.466667,-1.39855802,0.26767889,0.13529898,0.39815196
35.500000,-1.31373751,0.26768112,0.13543756,0.39808810
35.533333,-1.32597578,0.26768342,0.13557667,0.39802408
35.566667,-1.41999710,0.26768565,0.13571545,0.39796069
35.600000,-1.37030542,0.26768774,0.13585433,0.39789656
35.633333,-1.37650311,0.26768988,0.13599324,0.39783236
35.666667,-1.30701923,0.26769239,0.13613126,0.39776868
35.700000,-1.35765290,0.26769483,0.13626988,0.39770555
35.733333,-1.42094743,0.26769698,0.13640901,0.39764160
35.766667,-1.31184375,0.26769933,0.13654763,0.39757758
35.800000,-1.36057472,0.26770169,0.13668673,0.39751324
35.833333,-1.33058131,0.26770416,0.13682565,0.39744878
35.866667,-1.36043048,0.26770669,0.13696501,0.39738426
35.900000,-1.36335397,0.26770887,0.13710359,0.39732102
35.933333,-1.45400417,0.26771107,0.13724297,0.39725673
35.966667,-1.34558141,0.26771346,0.13738139,0.39719304
36.000000,-1.36712694,0.26771587,0.13752060,0.39712855
36.033333,-1.32931674,0.26771846,0.13765848,0.39706463
36.066667,-1.36641848,0.26772094,0.13779712,0.39700112
36.100000,-1.42432940,0.26772323,0.13793671,0.39693686
36.133333,-1.30634868,0.26772571,0.13807572,0.39687237
36.166667,-1.37107241,0.26772833,0.13821486,0.39680782
36.200000,-1.46854234,0.26773074,0.13835377,0.39674333
36.233333,-1.38543892,0.26773310,0.13849142,0.39668018
36.266667,-1.31495428,0.26773563,0.13862944,0.39661661
36.300000,-1.38715041,0.26773804,0.13876750,0.39655334
36.333333,-1.44555533,0.26774052,0.13890533,0.39649048
36.366667,-1.38858306,0.26774278,0.13904315,0.39642698
36.400000,-1.29695225,0.26774541,0.13918169,0.39636335
36.433333,-1.43451786,0.26774779,0.13932103,0.39629871
36.466667,-1.44646358,0.26775026,0.13945875,0.39623618
36.500000,-1.37804306,0.26775283,0.13959603,0.39617309
36.533333,-1.36076224,0.26775542,0.13973373,0.39611009
36.566667,-1.44397986,0.26775789,0.13987221,0.39604628
36.600000,-1.45417488,0.26776034,0.14000961,0.39598337
36.633333,-1.94350696,0.26684541,0.14006126,0.39571035
36.666667,-3.05243278,0.25830099,0.14286223,0.39275187
36.700000,-4.98412323,0.24835983,0.14682090,0.38899964
36.733333,-4.52568817,0.23866700,0.15067677,0.38506025
36.766667,-3.86438155,0.22938749,0.15432201,0.38108456
36.800000,-4.42996168,0.21995439,0.15807043,0.37708575
36.833333,-3.76346970,0.21065925,0.16176048,0.37314990
36.866667,-4.24516153,0.20134351,0.16544077,0.36924067
36.900000,-4.51650906,0.19187590,0.16922249,0.36525181
36.933333,-4.58779716,0.18240178,0.17301783,0.36125094
36.966667,-4.37366629,0.17290686,0.17682686,0.35725427
37.000000,-4.56833220,0.16337945,0.18065371,0.35326245
37.033333,-3.79489398,0.15394390,0.18443537,0.34935910
37.066667,-4.21699524,0.15280466,0.18500046,0.34798968
37.100000,-1.51268101,0.15303549,0.18453166,0.34775281
37.133333,-1.27059901,0.15312754,0.18413092,0.34766465
37.166667,-1.18621671,0.15321720,0.18373445,0.34759781
37.200000,-1.17690516,0.15329710,0.18334375,0.34753448
37.233333,-3.93244958,0.15797620,0.18073328,0.35120574
37.266667,0.99948281,0.16351171,0.17729066,0.35754803
37.300000,4.72457981,0.16431496,0.17633949,0.36052462
37.333333,-0.88200301,0.16420917,0.17561899,0.36101127
37.366667,-3.35733294,0.16640370,0.17299676,0.36475939
37.400000,1.43665671,0.16945037,0.16972278,0.37159902
37.433333,2.23580551,0.17247920,0.16648605,0.37897712
37.466667,4.10503769,0.17402788,0.16556233,0.38493803
37.500000,1.22982049,0.17520697,0.16554001,0.38961428
37.533333,0.90656364,0.17642012,0.16551456,0.39406848
37.566667,0.75016642,0.17763011,0.16550079,0.39846855
37.600000,2.26341343,0.17832284,0.16532969,0.40035850
37.633333,-2.76903772,0.17955282,0.16493997,0.40346205
37.666667,2.29304934,0.17965375,0.16463195,0.40546665
37.700000,-0.49978971,0.17962958,0.16455354,0.40569916
37.733333,-0.94316941,0.17963271,0.16454108,0.40569219
37.766667,-1.03934872,0.17948751,0.16454202,0.40562031
37.800000,-0.94648814,0.17959057,0.16453168,0.40560368
37.833333,-3.05751014,0.17959450,0.16315958,0.40694648
37.866667,-0.30900455,0.17961547,0.16111656,0.40970314
37.900000,2.11796856,0.17963454,0.16042195,0.41129777
37.933333,-0.48910442,0.17961493,0.16037327,0.41155878
37.966667,-0.94808096,0.17961691,0.16035764,0.41155198
38.000000,-3.57629085,0.18059017,0.15897870,0.41416001
38.033333,0.61088246,0.18166918,0.15692869,0.41889217
38.066667,0.99277824,0.18339579,0.15563391,0.42511827
38.100000,1.40667367,0.18513767,0.15459546,0.43181548
38.133333,1.56642604,0.18687510,0.15352097,0.43856221
38.166667,1.82777691,0.18861431,0.15244055,0.44536042
38.200000,1.81231236,0.19035314,0.15135342,0.45219618
38.233333,1.92257750,0.19209246,0.15025905,0.45907408
38.266667,2.06167769,0.19382998,0.14916119,0.46596512
38.300000,1.86117983,0.19556510,0.14806704,0.47283050
38.333333,1.46212053,0.19730823,0.14700818,0.47954515
38.366667,0.94019920,0.19904326,0.14596267,0.48618332
38.400000,0.82530302,0.20079941,0.14494072,0.49277037
38.433333,0.47930315,0.20255744,0.14391147,0.49940518
38.466667,0.94149286,0.20431764,0.14287934,0.50604826
38.500000,0.78234124,0.20412569,0.14107744,0.50827259
38.533333,-1.68024933,0.20404239,0.13916720,0.50849682
38.566667,-1.99284136,0.20404074,0.13739070,0.50848395
38.600000,-1.93626142,0.20404883,0.13563202,0.50841314
38.633333,-1.74194336,0.20405985,0.13387938,0.50833261
38.666667,-1.62844610,0.20407078,0.13213894,0.50824702
38.700000,-1.59450412,0.20408209,0.13039447,0.50816011
38.733333,-1.58609498,0.20409359,0.12864865,0.50807434
38.766667,-1.55926442,0.20410489,0.12690234,0.50798917
38.800000,-1.54157269,0.20411585,0.12516665,0.50790280
38.833333,-1.49536431,0.20412847,0.12340881,0.50781792
38.866667,-1.47651434,0.20413969,0.12165155,0.50773925
38.900000,-1.59909177,0.20415118,0.11988133,0.50766265
38.933333,-1.47726691,0.20416194,0.11811215,0.50759315
38.966667,-1.41800284,0.20417295,0.11634556,0.50752217
39.000000,-1.58937275,0.20418380,0.11458001,0.50744802
39.033333,-1.53000200,0.20419525,0.11281385,0.50737453
39.066667,-1.63288212,0.20420612,0.11105619,0.50729913
39.100000,-1.41620636,0.20421784,0.10928918,0.50722533
39.133333,-1.26119423,0.20422956,0.10752005,0.50715393
39.166667,-0.41264257,0.20422313,0.10700165,0.50735563
39.200000,-1.28069842,0.20420401,0.10700049,0.50740200
39.233333,-1.47163200,0.20421150,0.10699732,0.50735301
39.266667,-1.49018979,0.20422190,0.10700265,0.50728905
39.300000,-1.35455024,0.20423321,0.10700882,0.50722188
39.333333,-1.48736882,0.20424482,0.10701542,0.50715387
39.366667,-1.50521076,0.20425645,0.10702232,0.50708479
39.400000,-1.48171067,0.20426810,0.10702929,0.50701648
39.433333,-1.37677848,0.20428000,0.10703629,0.50694734
39.466667,-1.51958573,0.20429197,0.10704327,0.50687814
39.500000,-1.53509831,0.20430358,0.10705034,0.50680864
39.533333,-1.41275513,0.20431535,0.10705719,0.50673932
39.566667,-1.48878074,0.20432667,0.10706433,0.50666994
39.600000,-1.38945079,0.20433857,0.10707121,0.50660092
39.633333,-1.52448773,0.20435046,0.10707829,0.50653177
39.666667,-1.53176081,0.20436192,0.10708502,0.50646287
39.700000,-1.44797301,0.20437388,0.10709205,0.50639319
39.733333,-1.38714123,0.20438558,0.10709875,0.50632471
39.766667,-1.55119431,0.20439734,0.10710550,0.50625581
39.800000,-1.54793084,0.20440888,0.10711240,0.50618660
39.833333,-1.48901200,0.20442037,0.10711892,0.50611770
39.866667,-1.53450036,0.20443217,0.10712560,0.50604820
39.900000,-1.54405892,0.20444378,0.10713263,0.50597924
39.933333,-1.42965007,0.20445557,0.10713929,0.50591010
39.966667,-1.52655411,0.20446743,0.10714614,0.50584090
40.000000,-1.54062676,0.20447908,0.10715301,0.50577158
40.033333,-1.40432465,0.20449084,0.10715949,0.50570220
40.066667,-1.55050790,0.20450258,0.10716631,0.50563264
40.100000,-1.53839588,0.20451413,0.10717338,0.50556308
40.133333,-1.45977378,0.20452607,0.10717998,0.50549394
40.166667,-1.43535411,0.20453772,0.10718647,0.50542510
40.200000,-1.54828405,0.20454939,0.10719335,0.50535536
40.233333,-1.45893788,0.20456059,0.10719988,0.50528693
40.266667,-1.50449491,0.20457205,0.10720623,0.50521821
40.300000,-1.54607451,0.20458321,0.10721307,0.50514942
40.333333,-1.42203128,0.20459464,0.10721931,0.50508124
40.366667,-1.47309387,0.20460579,0.10722595,0.50501269
40.400000,-1.45611966,0.20461704,0.10723260,0.50494444
40.433333,-1.47150493,0.20462868,0.10723914,0.50487584
40.466667,-1.88854969,0.20459421,0.10732409,0.50460106
40.500000,-2.02125478,0.20459402,0.10742272,0.50415123
40.533333,1.77189600,0.20218346,0.11438800,0.50194341
40.566667,-6.21836805,0.19913109,0.12235365,0.49752414
40.600000,-6.71122742,0.19902986,0.12445013,0.49509978
40.633333,-2.11064434,0.19929384,0.12452243,0.49442089
40.666667,-1.47443330,0.19936849,0.12453964,0.49422568
40.700000,-1.26276147,0.19941191,0.12453295,0.49412349
40.733333,-1.28498256,0.19944078,0.12452762,0.49404407
40.766667,-1.29540372,0.19946189,0.12452604,0.49397123
40.800000,-1.29124296,0.19947863,0.12452776,0.49390003
40.833333,-1.26480305,0.19949234,0.12453087,0.49383107
40.866667,-1.22462618,0.19950461,0.12453601,0.49376211
40.900000,-1.33243394,0.19951597,0.12454167,0.49369261
40.933333,-1.30894995,0.19952607,0.12454794,0.49362394
40.966667,-1.23870921,0.19953667,0.12455413,0.49355543
41.000000,-1.31405747,0.19954725,0.12464119,0.49350610
41.033333,-1.30634081,0.19955695,0.12467773,0.49342600
41.066667,-1.35808957,0.19956841,0.12468379,0.49335217
41.100000,-16.07720375,0.22498880,-0.20366786,0.50854492
41.133333,-1.91273475,0.22500339,-0.20367236,0.50856692
41.166667,-0.36362281,0.22501361,-0.20367707,0.50856435
41.200000,-1.06098664,0.22502628,-0.20368129,0.50854355
41.233333,-0.64496320,0.22504073,-0.20368417,0.50851870
41.266667,-0.78561276,0.22505590,-0.20368475,0.50849491
41.300000,-0.29546738,0.22507502,-0.20368454,0.50846559
41.333333,-0.25591660,0.22509423,-0.20368211,0.50843918
41.366667,-0.59535444,0.22511522,-0.20367911,0.50841206
41.400000,-1.09840441,0.22513875,-0.20367619,0.50838190
41.433333,-1.32130516,0.22516729,-0.20367190,0.50834340
41.466667,-1.09617043,0.22519591,-0.20366682,0.50830221
41.500000,-0.97803700,0.22522037,-0.20366161,0.50826705
41.533333,-0.97001517,0.22524403,-0.20365663,0.50823379
41.566667,-0.98245198,0.22526751,-0.20365112,0.50820214
41.600000,-1.04478550,0.22529131,-0.20364591,0.50817060
41.633333,-1.12563670,0.22531632,-0.20364019,0.50813609
41.666667,-1.22963011,0.22534415,-0.20363407,0.50809574
41.700000,-1.54941773,0.22537257,-0.20362815,0.50805140
41.733333,-2.47148037,0.22539820,-0.20362309,0.50800973
41.766667,-2.99884701,0.22542074,-0.20361818,0.50797200
41.800000,-2.94798493,0.22544058,-0.20361274,0.50793827
41.833333,-3.79595089,0.22545920,-0.20360444,0.50790542
41.866667,-4.84196711,0.22547607,-0.20359087,0.50787157
41.900000,-4.42655134,0.22501728,-0.19841912,0.50645137
41.933333,-4.47230101,0.22438875,-0.19057818,0.50407445
41.966667,-0.60861886,0.22371423,-0.18287133,0.50103027
42.000000,3.90832210,0.22303550,-0.17536183,0.49788672
42.033333,-3.33624792,0.22267872,-0.17020883,0.49689096
42.066667,-1.41323864,0.22239399,-0.16441672,0.49632785
42.100000,-0.87621236,0.22222021,-0.16214108,0.49628612
42.133333,1.00583518,0.22201517,-0.15987346,0.49630886
42.166667,3.16532564,0.22184131,-0.15726151,0.49635619
42.200000,11.07745075,0.22164796,-0.15512207,0.49638352
42.233333,0.34173262,0.22143669,-0.15329157,0.49640045
42.266667,-4.07250118,0.22124356,-0.15083937,0.49645576
42.300000,-3.45630789,0.22105637,-0.14856292,0.49649692
42.333333,-2.76875567,0.22086552,-0.14622937,0.49654642
42.366667,-2.75619674,0.22066018,-0.14412536,0.49659112
42.400000,-2.67485666,0.22043990,-0.14213686,0.49663892
42.433333,-3.27540493,0.22021490,-0.14016379,0.49669170
42.466667,-2.86177707,0.21938413,-0.13683529,0.49585092
42.500000,-6.85997200,0.21839923,-0.13275422,0.49475715
42.533333,-9.60824490,0.21747920,-0.12676528,0.49278897
42.566667,-10.99428749,0.21647130,-0.11801723,0.48981154
42.600000,-10.22531319,0.21557072,-0.10990874,0.48723176
42.633333,-11.59016991,0.21460442,-0.10256204,0.48557857
42.666667,-12.76706886,0.21418549,-0.09709169,0.48501793
42.700000,-13.72300529,0.21373433,-0.09218716,0.48457295
42.733333,-11.72118950,0.21326035,-0.08720725,0.48402354
42.766667,-11.61250973,0.21254456,-0.08246377,0.48325658
42.800000,-10.86920834,0.21175273,-0.07788103,0.48255754
42.833333,-6.60840321,0.21117127,-0.07171365,0.48135743
42.866667,2.07517433,0.21060981,-0.06603337,0.48036450
42.900000,-2.12365079,0.21008286,-0.05936114,0.47930610
42.933333,-1.47089255,0.20976843,-0.05241654,0.47793725
42.966667,0.68038630,0.20924927,-0.04692538,0.47706309
43.000000,-1.59848976,0.20865838,-0.04135621,0.47652227
43.033333,0.89996791,0.20802684,-0.03700303,0.47617841
43.066667,1.36054289,0.20737380,-0.03343218,0.47599095
43.100000,0.31523833,0.20660682,-0.02880994,0.47566566
43.133333,-1.80697417,0.20588484,-0.02488368,0.47547653
43.166667,-0.60187036,0.20514932,-0.01913663,0.47507873
43.200000,-0.00630161,0.20451392,-0.01208290,0.47445282
43.233333,-1.68151903,0.20384671,-0.00595214,0.47390106
43.266667,0.61635613,0.20314534,0.00142604,0.47333902
43.300000,-2.01769257,0.20245534,0.00689875,0.47287333
43.333333,1.06512535,0.20169444,0.01375132,0.47236347
43.366667,0.37747437,0.20090085,0.02018988,0.47197095
43.400000,-1.47680998,0.20016190,0.02606104,0.47104892
43.433333,2.74858022,0.19941248,0.03140773,0.47025687
43.466667,-1.68864894,0.19865434,0.03603212,0.46979123
43.500000,4.55866957,0.19798739,0.04129296,0.46913108
43.533333,-1.43593991,0.19732261,0.04629304,0.46860445
43.566667,-1.72390294,0.19669762,0.05083072,0.46813601
43.600000,-2.45414805,0.19669642,0.05302857,0.46775156
43.633333,-2.17581749,0.19671515,0.05441283,0.46762654
43.666667,-0.08003237,0.19576810,0.05871309,0.46655717
43.700000,-0.43393141,0.19443145,0.06483468,0.46457797
43.733333,3.93076801,0.19311848,0.07031002,0.46309775
43.766667,-0.50477612,0.19175473,0.07542229,0.46147802
43.800000,-1.33157074,0.19144574,0.07778432,0.46087745
43.833333,-2.21099424,0.19120520,0.08063862,0.45988086
43.866667,-2.67681980,0.19118696,0.08266021,0.45902333
43.900000,2.59946394,0.19115388,0.08429835,0.45855460
43.933333,-2.10269690,0.19111080,0.08559282,0.45826194
43.966667,-2.10411763,0.19107011,0.08739898,0.45777166
44.000000,-1.86955523,0.19100998,0.08978803,0.45669833
44.033333,6.22058678,0.18965098,0.09570022,0.45472842
44.066667,1.50951481,0.18820526,0.10216038,0.45255360
44.100000,-0.60518450,0.18698563,0.10833017,0.45018163
44.133333,-1.42287397,0.18582466,0.11460029,0.44759113
44.166667,-0.47674525,0.18488979,0.11946214,0.44582915
44.200000,0.94796842,0.18388326,0.12420361,0.44463778
44.233333,5.13855362,0.18276167,0.13015905,0.44237092
44.266667,4.98534775,0.18181564,0.13517040,0.44057885
44.300000,5.15490818,0.18099870,0.13926096,0.43955442
44.333333,0.27235541,0.17999603,0.14451635,0.43802732
44.366667,4.40936232,0.17894696,0.15029305,0.43592742
44.400000,4.14408731,0.17803349,0.15536466,0.43422192
44.433333,7.18901730,0.17727119,0.15957478,0.43322811
44.466667,0.31242803,0.17637293,0.16467546,0.43169814
44.500000,4.73408842,0.17560630,0.16912541,0.43054438
44.533333,1.40770698,0.17478712,0.17397101,0.42925230
44.566667,0.99596316,0.17386048,0.17938781,0.42752060
44.600000,6.14932966,0.17293100,0.18500246,0.42545676
44.633333,4.68774366,0.17221208,0.18967409,0.42426881
44.666667,5.91275501,0.17139246,0.19483075,0.42273021
44.700000,6.11357832,0.17060246,0.19991122,0.42107680
44.733333,8.86877060,0.17009301,0.20377043,0.42032376
44.766667,-0.03955949,0.16940288,0.20862563,0.41918012
44.800000,6.86294127,0.16870432,0.21350083,0.41781807
44.833333,-0.71280271,0.16793658,0.21884029,0.41625202
44.866667,-0.70533437,0.16720164,0.22419202,0.41475579
44.900000,-1.45403862,0.16646340,0.22943017,0.41308960
44.933333,0.62801433,0.16574113,0.23488766,0.41167739
44.966667,-2.33393383,0.16492242,0.24043813,0.40967116
45.000000,0.02829394,0.16450015,0.24488968,0.40891850
45.033333,-1.88596201,0.16359679,0.25106528,0.40686888
45.066667,5.08319473,0.16273218,0.25710100,0.40457547
45.100000,8.57416248,0.16216782,0.26205197,0.40308151
45.133333,-0.75154632,0.16160138,0.26720512,0.40170252
45.166667,-0.81004328,0.16117768,0.27188715,0.40065762
45.200000,0.69284451,0.16081323,0.27663580,0.39981899
45.233333,0.28477964,0.16025817,0.28198159,0.39845985
45.266667,-6.79951191,0.16182093,0.28219214,0.39751500
45.300000,-4.67994452,0.16430382,0.28055131,0.39841944
45.333333,0.43681765,0.16713913,0.27867144,0.39976147
45.366667,-8.05733204,0.16957791,0.27679694,0.40110603
45.400000,-2.27296042,0.16996691,0.27577457,0.40156227
45.433333,-2.59709716,0.16991355,0.27516994,0.40160394
45.466667,-2.69050407,0.16985884,0.27463374,0.40150788
45.500000,2.32753944,0.16979639,0.27411383,0.40136436
45.533333,1.31461775,0.16951221,0.27279279,0.40089282
45.566667,-2.25394893,0.16927560,0.27134416,0.40046674
45.600000,-2.91403651,0.16901055,0.26988679,0.40000153
45.633333,-1.05698538,0.16733688,0.26496020,0.39851591
45.666667,3.10023022,0.16593198,0.26079184,0.39737153
45.700000,2.48130560,0.16438603,0.25674433,0.39600739
45.733333,0.58436847,0.16275543,0.25163382,0.39466578
45.766667,-4.89445734,0.16121881,0.24620534,0.39356977
45.800000,0.83717179,0.16104485,0.24335350,0.39344341
45.833333,-3.37055731,0.16135231,0.23860781,0.39226741
45.866667,-1.91160333,0.16218951,0.23254547,0.39148358
45.900000,-4.48209000,0.16183791,0.23033074,0.39157617
45.933333,-8.17810917,0.16348726,0.22948261,0.39230525
45.966667,-9.19662571,0.16558248,0.22876516,0.39318633
46.000000,-7.06956720,0.16742027,0.22809558,0.39392725
46.033333,-3.32060027,0.16951552,0.22738181,0.39486405
46.066667,-1.80189312,0.17190303,0.22812653,0.39701447
46.100000,-4.60907793,0.17447643,0.22967643,0.39974374
46.133333,-2.57865453,0.17785606,0.22975752,0.40249527
46.166667,-4.02482176,0.18042232,0.22893079,0.40491968
46.200000,-3.66420960,0.18322304,0.22766353,0.40848473
46.233333,-3.60654831,0.18532109,0.22712007,0.41103962
46.266667,0.03209164,0.18585913,0.22651747,0.41204116
46.300000,-0.49958012,0.18621585,0.22586761,0.41241333
46.333333,-0.45065752,0.18660778,0.22518803,0.41288021
46.366667,-0.11899530,0.18701075,0.22448228,0.41336703
46.400000,0.35209286,0.18735783,0.22389974,0.41376603
46.433333,-0.14945561,0.18771404,0.22331935,0.41411200
46.466667,0.02850468,0.18812792,0.22260138,0.41461495
46.500000,-1.01329410,0.18843073,0.22209333,0.41492739
46.533333,-1.02784348,0.18874593,0.22158399,0.41516131
46.566667,-0.73900259,0.18910216,0.22099352,0.41547996
46.600000,-0.58241957,0.18950376,0.22029205,0.41595158
46.633333,-0.95836598,0.18981098,0.21978386,0.41624072
46.666667,-0.91331506,0.19013467,0.21925598,0.41650453
46.700000,-0.37361994,0.19055757,0.21852006,0.41698557
46.733333,-0.48264906,0.19095020,0.21783254,0.41746986
46.766667,-0.23603557,0.19126169,0.21733724,0.41773483
46.800000,-0.49096289,0.19163169,0.21672812,0.41807705
46.833333,-0.07005031,0.19204578,0.21600312,0.41858432
46.866667,-0.36944613,0.19238698,0.21545984,0.41887981
46.900000,-0.42386028,0.19277725,0.21480428,0.41930091
46.933333,-0.21523668,0.19313581,0.21423028,0.41963866
46.966667,-0.17709737,0.19353607,0.21354136,0.42010903
47.000000,0.05184881,0.19394331,0.21284269,0.42059386
47.033333,0.40361243,0.19435288,0.21213427,0.42111406
47.066667,-0.17395996,0.19475107,0.21144129,0.42162511
47.100000,0.10484876,0.19516484,0.21072628,0.42214602
47.133333,0.36171916,0.19559588,0.20995606,0.42275426
47.166667,0.73752654,0.19568388,0.20971607,0.42307949
47.200000,-0.58504039,0.19568101,0.20970497,0.42309237
47.233333,-0.60361576,0.19568679,0.20968004,0.42306709
47.266667,-0.63781261,0.19569512,0.20966493,0.42302194
47.300000,-0.59825271,0.19570518,0.20964006,0.42298856
47.333333,-0.88486910,0.19571145,0.20963135,0.42293608
47.366667,-0.58210856,0.19571909,0.20961140,0.42289782
47.400000,-0.45050958,0.19572636,0.20960519,0.42284891
47.433333,-0.56435126,0.19573195,0.20958717,0.42280623
47.466667,-0.46327296,0.19574034,0.20957819,0.42275992
47.500000,-0.42410901,0.19574741,0.20957831,0.42270929
47.533333,-0.52313495,0.19575292,0.20956030,0.42267385
47.566667,-0.46751356,0.19576001,0.20955321,0.42262983
47.600000,-0.82616633,0.19576536,0.20955069,0.42257532
47.633333,-0.55744964,0.19577353,0.20953184,0.42253426
47.666667,-0.46681395,0.19578131,0.20952357,0.42248526
47.700000,-0.41259125,0.19578841,0.20952287,0.42243555
47.733333,-0.44885704,0.19579720,0.20952424,0.42238313
47.766667,-0.89747339,0.19580407,0.20951812,0.42234060
47.800000,-0.48864582,0.19581370,0.20950337,0.42230600
47.833333,-0.52843350,0.19582185,0.20949556,0.42226294
47.866667,-0.41874042,0.19583061,0.20948723,0.42222431
47.900000,-0.37013891,0.19583893,0.20948879,0.42217436
47.933333,-0.35893250,0.19584762,0.20948185,0.42213517
47.966667,-0.45058641,0.19585766,0.20947093,0.42210203
48.000000,-0.65550107,0.19586629,0.20945917,0.42206514
48.033333,-0.47658271,0.19588892,0.20951575,0.42202485
48.066667,-0.45313007,0.19589712,0.20959969,0.42197460
48.100000,5.90661907,0.19630305,0.21618532,0.42045966
48.133333,-1.06446922,0.19620590,0.22302410,0.41718423
48.166667,-0.27339539,0.19626072,0.22919381,0.41441819
48.200000,-2.18248773,0.19617453,0.23399584,0.41232011
48.233333,-0.65945393,0.19619688,0.23818390,0.41108578
48.266667,-0.69555950,0.19620866,0.24006130,0.41073358
48.300000,-0.05588558,0.19625531,0.24182600,0.41078597
48.333333,-0.15413149,0.19626908,0.24364232,0.41077524
48.366667,-0.20314860,0.19628742,0.24546503,0.41075751
48.400000,-0.15354671,0.19629706,0.24732372,0.41071412
48.433333,-0.19286412,0.19631386,0.24915324,0.41067553
48.466667,-0.19930404,0.19632407,0.25101435,0.41063073
48.500000,-0.21772748,0.19633318,0.25287968,0.41057521
48.533333,-0.29482648,0.19638611,0.25448871,0.41059718
48.566667,-0.04560227,0.19643997,0.25621188,0.41068372
48.600000,-0.14617886,0.19645581,0.25803444,0.41069120
48.633333,-0.19283593,0.19647640,0.25982875,0.41068122
48.666667,-0.20374493,0.19648536,0.26168486,0.41064623
48.700000,-0.24690482,0.19651598,0.26342523,0.41064250
48.733333,-0.14484221,0.19654809,0.26519623,0.41066033
48.766667,-0.16532612,0.19656548,0.26701763,0.41064978
48.800000,-0.13489154,0.19658005,0.26885477,0.41062114
48.833333,-0.08547678,0.19658771,0.27071977,0.41057307
48.866667,0.15943779,0.19670488,0.27214071,0.41071892
48.900000,-0.25366798,0.19675894,0.27386060,0.41084746
48.933333,-0.29291555,0.19692326,0.27499950,0.41108629
48.966667,0.15256864,0.19700828,0.27668512,0.41129205
49.000000,-0.02635325,0.19702728,0.27849326,0.41132939
49.033333,-0.04926418,0.19706018,0.28023085,0.41133812
49.066667,-0.04202922,0.19708735,0.28205198,0.41135389
49.100000,-0.52370769,0.19720718,0.28337926,0.41150165
49.133333,-0.45338944,0.19734146,0.28480986,0.41172978
49.166667,-1.39412880,0.19753379,0.28591573,0.41202027
49.200000,0.17984532,0.19768748,0.28739637,0.41230008
49.233333,-0.02010358,0.19772133,0.28915882,0.41239038
49.266667,-0.85927695,0.19777742,0.29073614,0.41244379
49.300000,-30.62490845,0.22949725,-0.17434849,0.55680150
49.333333,-46.18864441,0.22951967,-0.17436126,0.55670649
49.366667,-31.85006142,0.22956640,-0.17437710,0.55658638
49.400000,-6.51795483,0.22962236,-0.17438172,0.55650586
49.433333,-1.46658349,0.22965805,-0.17438269,0.55649191
49.466667,-3.16531062,0.22967893,-0.17440216,0.55648291
49.500000,-2.07528329,0.22969718,-0.17441671,0.55646992
49.533333,-0.86520433,0.22971629,-0.17442659,0.55645066
49.566667,-0.11843641,0.22973387,-0.17443635,0.55642974
49.600000,0.15676443,0.22975232,-0.17444278,0.55640757
49.633333,0.38001367,0.22977132,-0.17444792,0.55638391
49.666667,0.32905373,0.22978908,-0.17445222,0.55636144
49.700000,0.37724814,0.22980741,-0.17445612,0.55633897
49.733333,1.01880455,0.22982556,-0.17445908,0.55631769
49.766667,1.40644777,0.22984499,-0.17446022,0.55629694
49.800000,1.40943301,0.22986570,-0.17445974,0.55627549
49.833333,1.24347138,0.22988740,-0.17445944,0.55625391
49.866667,1.63611519,0.22990941,-0.17445904,0.55623287
49.900000,1.10992670,0.22993405,-0.17445712,0.55620992
49.933333,1.07190239,0.22995694,-0.17445913,0.55618721
49.966667,0.98049903,0.22743663,-0.17384370,0.55295968
50.000000,-3.08308339,0.22407864,-0.17381284,0.54907757
50.033333,-3.03345728,0.22069311,-0.17380615,0.54531825
50.066667,-2.27848053,0.21764651,-0.17354682,0.54177254
50.100000,-3.01595759,0.21428238,-0.17352515,0.53799540
50.133333,-3.21326661,0.21089952,-0.17350627,0.53425384
50.166667,1.11938608,0.20768236,-0.17341404,0.53068346
50.200000,1.55966437,0.20490590,-0.17302315,0.52741051
50.233333,0.86661369,0.20197310,-0.17272691,0.52397203
50.266667,-2.76634598,0.19886877,-0.17252047,0.52039123
50.300000,0.52120507,0.19585302,-0.17230904,0.51694530
50.333333,-0.41756427,0.19284989,-0.17205215,0.51347834
50.366667,-0.93260849,0.18975358,-0.17186216,0.50994158
50.400000,-2.47166538,0.18642373,-0.17181098,0.50621849
50.433333,-1.04258859,0.18336667,-0.17160836,0.50276113
50.466667,-2.41867638,0.18015695,-0.17148329,0.49914479
50.500000,-2.89016008,0.17679404,-0.17145853,0.49541804
50.533333,-1.53928196,0.17366752,-0.17129952,0.49191752
50.566667,-3.64782858,0.17029800,-0.17126985,0.48817834
50.600000,1.03428185,0.16823632,-0.16459446,0.48588973
50.633333,-1.07131732,0.16664651,-0.15626094,0.48369169
50.666667,-0.66246033,0.16479225,-0.14732307,0.48025122
50.700000,-0.89949560,0.16373138,-0.13807042,0.47646353
50.733333,-2.43356729,0.16307457,-0.12895520,0.47278103
50.766667,0.02880077,0.16272800,-0.11995102,0.46940339
50.800000,-1.10550451,0.16241696,-0.11061272,0.46621826
50.833333,-1.88512313,0.16210142,-0.10148048,0.46317312
50.866667,-2.07641411,0.16190636,-0.09189771,0.45979971
50.900000,4.93286657,0.16160870,-0.08341105,0.45700663
50.933333,0.02438636,0.16106224,-0.07468729,0.45479116
50.966667,-1.58669865,0.16096218,-0.06661648,0.45211217
51.000000,0.27361408,0.16068909,-0.05941397,0.44977084
51.033333,0.71827114,0.16031386,-0.05226451,0.44766688
51.066667,-0.99481028,0.16011392,-0.04441353,0.44499022
51.100000,-1.22318232,0.15996151,-0.03652263,0.44216469
51.133333,-1.81455088,0.15989293,-0.02832138,0.43903461
51.166667,-1.91642094,0.16007203,-0.02621770,0.43804249
51.200000,-4.04108763,0.16141555,-0.02863587,0.44098514
51.233333,0.52158308,0.16278164,-0.03223082,0.44599786
51.266667,2.41333938,0.16508600,-0.03618934,0.45202306
51.300000,2.54153466,0.16748044,-0.04016285,0.45837611
51.333333,1.52123737,0.16854224,-0.04307811,0.46415335
51.366667,2.75907803,0.16837803,-0.04390289,0.46607670
51.400000,-0.58999336,0.16832991,-0.04422435,0.46621883
51.433333,-0.88061190,0.16836037,-0.04449078,0.46621087
51.466667,-0.91809839,0.16839588,-0.04474808,0.46617609
51.500000,-0.95086098,0.16830142,-0.04478641,0.46613297
51.533333,-1.56016338,0.16749983,-0.04468618,0.46592131
51.566667,-1.28073275,0.16655353,-0.04468195,0.46584043
51.600000,-1.11453485,0.16154686,-0.03657221,0.46231213
51.633333,-4.18241692,0.15642606,-0.02683922,0.45705795
51.666667,-4.75667953,0.15142122,-0.01710751,0.45150051
51.700000,-4.55401993,0.14658746,-0.00737768,0.44589084
51.733333,-3.71736813,0.14181995,0.00226182,0.44033048
51.766667,-2.56411481,0.13940798,0.01030441,0.43658668
51.800000,-2.33010006,0.13716844,0.01865299,0.43301395
51.833333,-2.63673496,0.13494059,0.02710642,0.42925334
51.866667,-1.95103526,0.13273224,0.03536445,0.42564374
51.900000,-4.54198980,0.13272056,0.03805662,0.42389455
51.933333,-1.54031217,0.13277683,0.03926044,0.42358920
51.966667,-1.03347421,0.13278225,0.04047063,0.42353654
52.000000,-1.12634492,0.13534464,0.03986041,0.42731825
52.033333,2.33199167,0.13822855,0.03904039,0.43280205
52.066667,2.38783908,0.14105196,0.03816282,0.43840888
52.100000,2.17688465,0.14386307,0.03727927,0.44397655
52.133333,2.13985229,0.14667676,0.03639826,0.44953305
52.166667,-0.29703036,0.14735657,0.03371215,0.45076448
52.200000,-1.44044423,0.14736357,0.03054227,0.45128542
52.233333,0.95933229,0.14812322,0.02969539,0.45247027
52.266667,-0.26582003,0.14917657,0.02967692,0.45312479
52.300000,-1.06941068,0.14991900,0.02934111,0.45352212
52.333333,-0.79240823,0.15060674,0.02880685,0.45403102
52.366667,-1.14434230,0.15070973,0.02848208,0.45495489
52.400000,-0.52101833,0.15072982,0.02807933,0.45618170
52.433333,-0.49114257,0.15075451,0.02771618,0.45652342
52.466667,-1.12514353,0.15075374,0.02764977,0.45665935
52.500000,-0.75588435,0.15146911,0.02764427,0.46050999
52.533333,2.10116529,0.15220821,0.02774508,0.46592364
52.566667,2.23116803,0.15289523,0.02774718,0.47144553
52.600000,2.19352603,0.15280378,0.02821615,0.47320929
52.633333,-0.35029191,0.15267085,0.02979138,0.47251362
52.666667,0.60624993,0.15232582,0.03546022,0.47039977
52.700000,-0.86131233,0.15209289,0.04365342,0.46667954
52.733333,-2.02931213,0.15154463,0.05218905,0.46179265
52.766667,-2.98478746,0.15016924,0.05991596,0.45559028
52.800000,-5.03372192,0.15020114,0.06282482,0.45241141
52.833333,-1.64174378,0.14764085,0.06828310,0.44859105
52.866667,-3.73863840,0.14480413,0.07453859,0.44367725
52.900000,-4.12236452,0.14138232,0.08135238,0.43822393
52.933333,-4.41638994,0.13787998,0.08830041,0.43259257
52.966667,-4.43353605,0.13438901,0.09525077,0.42693701
53.000000,-4.39659882,0.13089815,0.10220463,0.42127466
53.033333,-4.35207653,0.12740766,0.10915956,0.41561073
53.066667,-4.30910301,0.12391794,0.11611559,0.40994710
53.100000,-4.27156496,0.12042890,0.12307228,0.40428209
53.133333,-4.02437162,0.11694929,0.13001102,0.39864105
53.166667,-3.85432076,0.11347797,0.13692288,0.39305562
53.200000,-3.66095853,0.11001967,0.14380507,0.38752368
53.233333,-3.40986943,0.10656672,0.15067795,0.38201845
53.266667,-3.87307334,0.10308739,0.15762059,0.37641802
53.300000,-3.84148955,0.09961595,0.16455969,0.37079108
53.333333,-7.56736135,0.09897958,0.16615546,0.36781868
53.366667,-1.60884702,0.09901190,0.16611566,0.36739010
53.400000,1.74237418,0.10190584,0.16582072,0.36567611
53.433333,-1.20202708,0.10500890,0.16578116,0.36248660
53.466667,-1.72764587,0.10806581,0.16586289,0.35842571
53.500000,-1.67298377,0.11197200,0.16584113,0.35316360
53.533333,-3.90307570,0.11737739,0.16583613,0.34921980
53.566667,-1.88664305,0.12299279,0.16582958,0.34636858
53.600000,-5.30774212,0.12482210,0.16603808,0.34693369
53.633333,-0.34621739,0.12870751,0.16568318,0.35149568
53.666667,0.16684251,0.13501930,0.16375585,0.35732552
53.700000,2.27542353,0.14142571,0.16195223,0.36382446
53.733333,2.56980181,0.14744015,0.16069584,0.37056831
53.766667,2.77966738,0.15224597,0.16031857,0.37712112
53.800000,2.59511232,0.15666255,0.16029537,0.38347673
53.833333,3.07209420,0.15837707,0.16035445,0.38643298
53.866667,0.02720173,0.15852098,0.16029572,0.38688728
53.900000,-0.81254268,0.15851422,0.16027634,0.38689944
53.933333,-0.80443001,0.15853132,0.16047741,0.38690504
53.966667,-1.41401899,0.16010615,0.16162936,0.38979813
54.000000,0.68724120,0.16248555,0.16284156,0.39476582
54.033333,2.17862582,0.16588455,0.16417111,0.40084621
54.066667,2.46355700,0.16941607,0.16557692,0.40697566
54.100000,2.43099928,0.17294215,0.16696353,0.41303393
54.133333,2.21412492,0.17417233,0.16735615,0.41570619
54.166667,0.09334152,0.17452553,0.16725136,0.41619045
54.200000,-0.89708632,0.17457035,0.16722663,0.41617313
54.233333,-0.94195569,0.17457539,0.16722375,0.41613010
54.266667,-0.92033142,0.17458425,0.16722062,0.41608450
54.300000,-0.78085214,0.17473839,0.16721229,0.41606742
54.333333,0.30365774,0.17918350,0.16715461,0.41902038
54.366667,0.21165511,0.18294241,0.16662367,0.42295396
54.400000,1.35458267,0.18635392,0.16575372,0.42764485
54.433333,1.49720502,0.18874097,0.16544293,0.43250221
54.466667,1.67914486,0.19092789,0.16531003,0.43744364
54.500000,2.06920290,0.19109948,0.16515701,0.43915617
54.533333,-0.07960703,0.19169196,0.16498585,0.43948558
54.566667,1.84752858,0.19657828,0.16446032,0.44002512
54.600000,2.36991405,0.20500164,0.16324605,0.43963382
54.633333,0.61179405,0.21407390,0.16196974,0.43824890
54.666667,0.11106075,0.22315297,0.16077721,0.43659160
54.700000,-4.99030256,0.22457223,0.16072656,0.43439856
54.733333,-1.84512424,0.22452562,0.16089371,0.43383992
54.766667,-1.13022101,0.22455320,0.16091977,0.43368611
54.800000,-0.91097486,0.22456549,0.16094661,0.43361762
54.833333,2.99565172,0.22376291,0.16481243,0.43179822
54.866667,-1.11411083,0.22188628,0.17108585,0.42742530
54.900000,-3.04382038,0.21982551,0.17779966,0.42202443
54.933333,-7.30567074,0.21943285,0.17978489,0.41873020
54.966667,-1.34714901,0.21934350,0.18080822,0.41751453
55.000000,-1.18074393,0.21934831,0.18190910,0.41637665
55.033333,-1.99017143,0.21942513,0.18257435,0.41576687
55.066667,-1.37479925,0.21944892,0.18290740,0.41553873
55.100000,-1.00825191,0.21946675,0.18312955,0.41544175
55.133333,-0.89707917,0.21949266,0.18328549,0.41536379
55.166667,-0.61635971,0.21956544,0.18361007,0.41528523
55.200000,1.08556843,0.21987118,0.18586916,0.41462454
55.233333,-2.19538522,0.21996886,0.18804738,0.41358322
55.266667,-2.39471722,0.21992515,0.18860140,0.41287616
55.300000,-1.23807716,0.21994717,0.18861674,0.41263768
55.333333,-1.11315298,0.21995705,0.18862297,0.41255566
55.366667,-1.02149713,0.21996552,0.18862154,0.41249853
55.400000,-0.96046668,0.21997392,0.18861935,0.41244704
55.433333,-0.78661209,0.22084764,0.18800686,0.41241941
55.466667,-0.86458772,0.22204788,0.18703988,0.41233110
55.500000,-2.30926514,0.22240259,0.18514957,0.41210410
55.533333,-2.38488650,0.22280225,0.18292904,0.41396588
55.566667,-0.06573275,0.22316022,0.18061574,0.41713563
55.600000,0.38013029,0.22350095,0.17822854,0.42055532
55.633333,0.93326151,0.22432891,0.17707802,0.42521349
55.666667,1.12320709,0.22507176,0.17646924,0.43018556
55.700000,1.09998465,0.22581083,0.17582925,0.43514353
55.733333,1.11037815,0.22655097,0.17519102,0.44010302
55.766667,2.91255784,0.22829194,0.17481379,0.44434693
55.800000,1.12416124,0.23047408,0.17452572,0.44758362
55.833333,0.31614268,0.23284653,0.17430803,0.45122004
55.866667,0.23850389,0.23317757,0.17432968,0.45396042
55.900000,-0.47905356,0.23200084,0.17432776,0.45530412
55.933333,-0.03744281,0.23144579,0.17421448,0.45596382
55.966667,-0.86481690,0.23128934,0.17415522,0.45614234
56.000000,-0.97841632,0.23129076,0.17435153,0.45622143
56.033333,-0.05854844,0.23090969,0.17616554,0.45592216
56.066667,-0.01499846,0.22996730,0.18014722,0.45470724
56.100000,-1.57682419,0.22890592,0.18483056,0.45271844
56.133333,-0.86282045,0.22799675,0.19066265,0.45035720
56.166667,-2.02758193,0.22705828,0.19700380,0.44744271
56.200000,-2.38392830,0.22617039,0.20335813,0.44434583
56.233333,-2.29612184,0.22533835,0.20968904,0.44120070
56.266667,-2.24878788,0.22450624,0.21601565,0.43805191
56.300000,-2.26158237,0.22366641,0.22234787,0.43490818
56.333333,-2.29296327,0.22281869,0.22868757,0.43176162
56.366667,-2.32139230,0.22196323,0.23503408,0.42861518
56.400000,-2.32980633,0.22110145,0.24137980,0.42547444
56.433333,-2.33077502,0.22023375,0.24772650,0.42233953
56.466667,-2.38379765,0.21935751,0.25408614,0.41919798
56.500000,-2.41427302,0.21847071,0.26045266,0.41605082
56.533333,-2.46958208,0.21757166,0.26681960,0.41291347
56.566667,-2.39702392,0.21666604,0.27318048,0.40978748
56.600000,-2.55790877,0.21575564,0.27955821,0.40664801
56.633333,-2.61343575,0.21485409,0.28591317,0.40353367
56.666667,-2.98423076,0.21394183,0.29229957,0.40038776
56.700000,-3.24327040,0.21302913,0.29868996,0.39722562
56.733333,-3.26658392,0.21211758,0.30508024,0.39405799
56.766667,-3.52647686,0.21120623,0.31147206,0.39088643
56.800000,-3.72660613,0.21029487,0.31786424,0.38771120
56.833333,-3.69558573,0.20939578,0.32421452,0.38456485
56.866667,-2.35678625,0.20865789,0.33017731,0.38187459
56.900000,-3.26392889,0.20784971,0.33639205,0.37909406
56.933333,-3.60283780,0.20697708,0.34266928,0.37610704
56.966667,-2.57911229,0.20630069,0.34853628,0.37357530
57.000000,-8.10216141,0.20732827,0.34704450,0.37105891
57.033333,-4.15340137,0.21033023,0.34259850,0.37022391
57.066667,-3.87468624,0.21348640,0.33801988,0.36990049
57.100000,-3.60508156,0.21646361,0.33362848,0.36963969
57.133333,-3.86598706,0.21963148,0.32901108,0.36942294
57.166667,-4.48235178,0.22271962,0.32459274,0.36918348
57.200000,-4.26288939,0.22617581,0.31992221,0.36891714
57.233333,-4.05999041,0.22953932,0.31530157,0.36863160
57.266667,-5.02282333,0.23293507,0.31073794,0.36835682
57.300000,-4.53542328,0.23622471,0.30616933,0.36807737
57.333333,-4.04998493,0.23939785,0.30168173,0.36782676
57.366667,-3.40868449,0.24254730,0.29722038,0.36758697
57.400000,-3.04752088,0.24565162,0.29281622,0.36735773
57.433333,-2.54599905,0.24867199,0.28852218,0.36712107
57.466667,-2.30965281,0.25164661,0.28428662,0.36688122
57.500000,-0.54419702,0.25460082,0.28007162,0.36664414
57.533333,-0.22430566,0.25753534,0.27587178,0.36641267
57.566667,-1.77686226,0.26042381,0.27172646,0.36618537
57.600000,-1.35732090,0.26329112,0.26761219,0.36595717
57.633333,-3.29901910,0.26609623,0.26359457,0.36572367
57.666667,-4.62207031,0.26879761,0.25973770,0.36548057
57.700000,-5.98280764,0.27141583,0.25601602,0.36522698
57.733333,-6.88131952,0.27398285,0.25238344,0.36496964
57.766667,-7.66540003,0.27642915,0.24894328,0.36470971
57.800000,-10.27125168,0.27882555,0.24557394,0.36445761
57.833333,-11.53945923,0.28155121,0.24171121,0.36422247
57.866667,-8.56031227,0.28458264,0.23739761,0.36402619
57.900000,-7.25372744,0.28769517,0.23294972,0.36389020
57.933333,-6.59854937,0.29062441,0.22880365,0.36376244
57.966667,-2.01529980,0.29353884,0.22468843,0.36363190
58.000000,0.30644929,0.29675496,0.22010459,0.36352241
58.033333,0.06781099,0.29987803,0.21566461,0.36344317
58.066667,3.67276525,0.30186230,0.21298628,0.36330524
58.100000,-6.32778978,0.30321112,0.21126559,0.36311784
58.133333,-6.81548643,0.30446747,0.20967431,0.36296034
58.166667,-4.93966341,0.30571067,0.20810121,0.36280209
58.200000,-7.12817240,0.30697414,0.20651101,0.36265031
58.233333,-6.39311504,0.30840841,0.20469247,0.36249575
58.266667,-5.06013584,0.30984282,0.20287089,0.36234641
58.300000,-3.76989722,0.31125084,0.20109873,0.36220443
58.333333,-3.53752947,0.31275275,0.19920413,0.36206046
58.366667,-2.89747667,0.31435889,0.19716054,0.36191440
58.400000,-4.19452095,0.31594616,0.19515575,0.36177158
58.433333,-2.52444792,0.31751713,0.19318022,0.36163485
58.466667,-4.75158691,0.31899092,0.19133274,0.36150295
58.500000,-5.30198669,0.32044059,0.18954304,0.36137640
58.533333,-3.38537049,0.32184809,0.18779981,0.36125243
58.566667,-6.82262850,0.32310310,0.18627122,0.36113614
58.600000,-6.70172787,0.32442734,0.18465482,0.36101764
58.633333,-6.62191725,0.32575923,0.18302995,0.36089990
58.666667,2.55853796,0.32650664,0.18361023,0.36068806
58.700000,1.81763220,0.32718277,0.18440966,0.36045060
58.733333,1.09963810,0.32789502,0.18555124,0.35993221
58.766667,4.05035639,0.32860774,0.18651782,0.35958755
58.800000,2.34566569,0.32936627,0.18771426,0.35907707
58.833333,1.58125329,0.33011198,0.18928346,0.35816053
58.866667,1.21974003,0.33081508,0.19026053,0.35777390
58.900000,-3.97859073,0.33221269,0.19050431,0.35752729
58.933333,-4.00464344,0.33363518,0.19063327,0.35726276
58.966667,0.49873596,0.33522475,0.19073756,0.35683650
59.000000,1.81287539,0.33635473,0.19086857,0.35680068
59.033333,0.71693462,0.33762217,0.19099940,0.35670978
59.066667,-1.39957786,0.33855513,0.19113043,0.35681385
59.100000,0.31441227,0.34003988,0.19126081,0.35667858
59.133333,-0.60654396,0.34181836,0.19133580,0.35611454
59.166667,-0.69173837,0.34371927,0.19139294,0.35529944
59.200000,-0.23105463,0.34552544,0.19146451,0.35461679
59.233333,0.25716057,0.34738520,0.19152510,0.35384750
59.266667,0.68305540,0.34880990,0.19161223,0.35358316
59.300000,1.17915332,0.35069180,0.19169180,0.35302505
59.333333,-3.38972545,0.35256332,0.19174996,0.35226303
59.366667,-6.82664108,0.35442278,0.19181362,0.35153148
59.400000,-7.89572668,0.35631391,0.19187284,0.35079053
59.433333,-10.42902660,0.35801843,0.19190714,0.35012120
59.466667,-10.23856831,0.35928786,0.19197080,0.35016125
59.500000,-9.31110287,0.36056513,0.19202971,0.35026535
59.533333,-8.63080597,0.36201742,0.19208112,0.35022449
59.566667,-8.51035118,0.36332434,0.19212066,0.35030442
59.600000,-7.37115526,0.36469352,0.19215760,0.35036740
59.633333,-6.75556183,0.36622652,0.19218761,0.35027158
59.666667,-4.51215792,0.36812103,0.19221754,0.34978706
59.700000,-5.06321192,0.36995426,0.19221660,0.34912449
59.733333,-5.30970383,0.37167597,0.19221827,0.34864998
59.766667,-3.47818828,0.37352180,0.19223188,0.34816849
59.800000,-5.15744305,0.37493527,0.19221883,0.34818846
59.833333,-4.74290752,0.37657687,0.19221756,0.34806666
59.866667,-6.99305773,0.37756962,0.19214760,0.34850237
59.900000,-4.12522602,0.37869632,0.19209500,0.34894234
59.933333,-4.18581581,0.37852713,0.19011359,0.34819108
59.966667,-2.17119575,0.37858623,0.18989642,0.34815952
60.000000,-13.45063305,0.24400605,-0.19657353,0.55246550
60.033333,-5.07609701,0.24401179,-0.19657257,0.55244416
60.066667,-0.46301618,0.24402508,-0.19658022,0.55242842
60.100000,-1.57674801,0.24403937,-0.19658609,0.55242348
60.133333,0.06027531,0.24405262,-0.19658886,0.55241954
60.166667,0.06791339,0.24406756,-0.19659005,0.55240530
60.200000,-0.14433254,0.24408461,-0.19658832,0.55238861
60.233333,0.48085591,0.24410410,-0.19658288,0.55237192
60.266667,0.91218823,0.24412578,-0.19657272,0.55235487
60.300000,0.43034217,0.24414951,-0.19655779,0.55234009
60.333333,-0.17637104,0.24417660,-0.19654004,0.55232704
60.366667,-1.01824594,0.24420902,-0.19652338,0.55231357
60.400000,-1.59869432,0.24424471,-0.19650966,0.55229974
60.433333,-1.71069765,0.24428226,-0.19649898,0.55228448
60.466667,-1.67439389,0.24432074,-0.19649218,0.55226845
60.500000,-1.38997245,0.24435852,-0.19648799,0.55225223
60.533333,-1.17159665,0.24439608,-0.19648533,0.55223471
60.566667,-0.86447531,0.24443276,-0.19648474,0.55221748
60.600000,-0.69212943,0.24446684,-0.19648476,0.55219960
60.633333,-0.56944031,0.24449940,-0.19648454,0.55218238
60.666667,-0.49852252,0.24453118,-0.19648473,0.55216491
60.700000,-0.51074564,0.24456631,-0.19648631,0.55214345
60.733333,-0.87466484,0.24460499,-0.19648702,0.55211371
60.766667,-1.64306450,0.24464159,-0.19648804,0.55208200
60.800000,-2.81141615,0.24467665,-0.19648919,0.55205053
60.833333,-3.64596534,0.24471192,-0.19648814,0.55201656
60.866667,-3.92662978,0.24474756,-0.19648451,0.55198008
60.900000,-4.89568710,0.24478312,-0.19647782,0.55194396
60.933333,-4.48917294,0.24481940,-0.19646865,0.55190688
60.966667,-4.87701750,0.24485722,-0.19645761,0.55186754
61.000000,-5.04015207,0.24489661,-0.19644512,0.55182552
61.033333,-5.14595509,0.24493735,-0.19642970,0.55178171
61.066667,-5.20759439,0.24498139,-0.19641076,0.55173218
61.100000,-5.30641937,0.24488761,-0.19516250,0.55111998
61.133333,-5.50354052,0.24503051,-0.19431061,0.55054921
61.166667,-5.22804499,0.24510786,-0.19377798,0.55016047
61.200000,-5.08257198,0.24499175,-0.19224811,0.54908168
61.233333,-4.60380983,0.24478917,-0.18965118,0.54729301
61.266667,-5.05505943,0.24461438,-0.18680432,0.54532504
61.300000,-5.10224915,0.24447675,-0.18387158,0.54328394
61.333333,-6.23946285,0.24460085,-0.18245000,0.54242194
61.366667,-5.56084394,0.24463622,-0.18128540,0.54197103
61.400000,-5.72341871,0.24471010,-0.18113740,0.54185992
61.433333,-5.65302896,0.24475479,-0.18112612,0.54181564
61.466667,-5.61399651,0.24479485,-0.18111785,0.54177433
61.500000,-5.97281361,0.24483463,-0.18110263,0.54173601
61.533333,-5.83275080,0.24499591,-0.18110126,0.54174620
61.566667,-5.76427746,0.24519399,-0.18109202,0.54172480
61.600000,-5.30674744,0.24548562,-0.18026794,0.54177755
61.633333,-4.83669710,0.24597570,-0.17969322,0.54182988
61.666667,-5.94542313,0.24644813,-0.17924434,0.54184067
61.700000,-5.28458357,0.24690378,-0.17879853,0.54188585
61.733333,-5.70234728,0.24737398,-0.17833900,0.54191470
61.766667,-5.84705448,0.24783412,-0.17789048,0.54194748
61.800000,-5.71590281,0.24830811,-0.17742744,0.54196751
61.833333,-5.29352951,0.24865946,-0.17709203,0.54202813
61.866667,-3.99461222,0.24908991,-0.17665567,0.54212177
61.900000,-3.82468629,0.24956648,-0.17618774,0.54214263
61.933333,-3.85954666,0.25006548,-0.17570269,0.54213905
61.966667,-3.96703887,0.25057763,-0.17520639,0.54211962
62.000000,-3.79386783,0.25105387,-0.17474666,0.54211664
62.033333,-3.62999582,0.25157195,-0.17424041,0.54210109
62.066667,-4.14416456,0.25090802,-0.17379512,0.54025739
62.100000,-4.85106039,0.25001416,-0.17385657,0.53789079
62.133333,-5.06578493,0.24915850,-0.17387040,0.53553140
62.166667,-4.41646814,0.24791268,-0.17370912,0.53303045
62.200000,-4.21527672,0.24658220,-0.17357573,0.53063279
62.233333,-4.92755985,0.24527676,-0.17338967,0.52835137
62.266667,-4.53704548,0.24400149,-0.17315695,0.52616644
62.300000,-2.93254852,0.24274245,-0.17289931,0.52402955
62.333333,-3.70080328,0.24145325,-0.17268181,0.52183008
62.366667,-2.91953492,0.24016023,-0.17248030,0.51961291
62.400000,-0.18397100,0.23891458,-0.17222291,0.51749587
62.433333,1.52935994,0.23767924,-0.17195560,0.51541245
62.466667,0.23048629,0.23648360,-0.17164056,0.51342469
62.500000,-0.89975739,0.23530190,-0.17128775,0.51150465
62.533333,-1.99614954,0.23412517,-0.17093475,0.50959760
62.566667,-3.13542485,0.23296052,-0.17057210,0.50771469
62.600000,-3.66300440,0.23184942,-0.17015539,0.50593823
62.633333,-4.12728500,0.23078944,-0.16968858,0.50426590
62.666667,-12.95506477,0.22958508,-0.16932571,0.50237256
62.700000,-16.38316154,0.22841576,-0.16892685,0.50049758
62.733333,-13.44358349,0.22716692,-0.16854608,0.49855229
62.766667,-12.07701111,0.22754677,-0.16887882,0.49802005
62.800000,-7.63697815,0.22776105,-0.16863084,0.49784642
62.833333,-8.47084427,0.22775801,-0.16854505,0.49780458
62.866667,-7.87894440,0.22776264,-0.16842112,0.49778298
62.900000,-8.29268456,0.22774905,-0.16828716,0.49776554
62.933333,-7.57654476,0.22774048,-0.16817600,0.49774837
62.966667,-23.99389267,0.22778760,-0.16817397,0.49778956
63.000000,-3.15898323,0.22781970,-0.16818182,0.49776149
63.033333,-8.36421967,0.22785415,-0.16818012,0.49772525
63.066667,-14.88418388,0.22788949,-0.16815779,0.49768874
63.100000,-17.05109787,0.22786763,-0.16808827,0.49765554
63.133333,8.52197361,0.22785449,-0.16805248,0.49765152
63.166667,-31.62728500,0.22784463,-0.16800584,0.49760714
63.200000,-16.17239952,0.22781581,-0.16792440,0.49757248
63.233333,-16.56686974,0.22780187,-0.16787389,0.49755633
63.266667,-16.64863205,0.22778742,-0.16782776,0.49754167
63.300000,-16.21430779,0.22777271,-0.16778319,0.49752575
63.333333,-15.91498661,0.22775795,-0.16774011,0.49750918
63.366667,-16.27302933,0.22774331,-0.16769820,0.49749276
63.400000,-15.97626591,0.22772895,-0.16765660,0.49747637
63.433333,-16.42316055,0.22771484,-0.16761492,0.49746010
63.466667,-16.72174644,0.22770078,-0.16757275,0.49744424
63.500000,-15.05734348,0.22762047,-0.16752043,0.49723777
63.533333,0.23486364,0.22754775,-0.16748290,0.49703529
63.566667,-21.71795845,0.22746153,-0.16741157,0.49682349
63.600000,-18.86200333,0.22737533,-0.16735426,0.49659497
63.633333,15.83971691,0.22731064,-0.16733326,0.49638277
63.666667,-19.34001160,0.22723074,-0.16728835,0.49616200
63.700000,-18.87288284,0.22714855,-0.16723612,0.49593696
63.733333,16.42347527,0.22708291,-0.16721660,0.49572298
63.766667,-20.14476395,0.22700438,-0.16717319,0.49550498
63.800000,1.34809697,0.22693121,-0.16713725,0.49529055
63.833333,-21.86667252,0.22690600,-0.16687629,0.49526232
63.866667,-21.86132812,0.22682497,-0.16549174,0.49510556
63.900000,-21.04286575,0.22671866,-0.16355720,0.49494511
63.933333,-20.45487595,0.22659771,-0.16148163,0.49469867
63.966667,-12.88566017,0.22616354,-0.15664952,0.49351770
64.000000,-13.53151035,0.22570716,-0.15160179,0.49224022
64.033333,-23.63055229,0.22565193,-0.15053169,0.49208835
64.066667,-22.34859276,0.22565208,-0.15042418,0.49207756
64.100000,4.35323524,0.22527900,-0.14568691,0.49173561
64.133333,-23.88619614,0.22488220,-0.14038803,0.49133214
64.166667,-9.91009045,0.22490361,-0.14004987,0.49128836
64.200000,-7.16227007,0.22490843,-0.14001526,0.49126756
64.233333,-25.05815506,0.22491322,-0.13995355,0.49124676
64.266667,-9.13900471,0.22492000,-0.13989724,0.49123174
64.300000,-6.03708410,0.22492950,-0.13984464,0.49121681
64.333333,-5.95909500,0.22494051,-0.13979030,0.49120227
64.366667,-6.76600647,0.22495340,-0.13972989,0.49118534
64.400000,2.09859347,0.22497264,-0.13970068,0.49116915
64.433333,1.19506466,0.22499022,-0.13968998,0.49113956
64.466667,1.87679768,0.22500867,-0.13967930,0.49111006
64.500000,6.18031883,0.22502594,-0.13967346,0.49107444
64.533333,7.37851906,0.22504316,-0.13967592,0.49103501
64.566667,0.38960993,0.22505672,-0.13968028,0.49099860
64.600000,-7.55517769,0.22506182,-0.13966748,0.49095705
64.633333,-2.20784426,0.22507186,-0.13964269,0.49091655
64.666667,-10.26103878,0.22508581,-0.13960360,0.49087977
64.700000,-15.09666729,0.22504330,-0.13949540,0.49076143
64.733333,-15.12665844,0.22507726,-0.13860470,0.49082011
64.766667,4.18476343,0.22507752,-0.13802017,0.49078748
64.800000,4.32472324,0.22503257,-0.13696341,0.49076766
64.833333,3.75641322,0.22499618,-0.13579345,0.49075824
64.866667,4.60699606,0.22495008,-0.13475749,0.49074405
64.900000,5.92007256,0.22489464,-0.13380350,0.49073356
64.933333,-7.31749392,0.22484268,-0.13264227,0.49073270
64.966667,4.42326260,0.22479832,-0.13148330,0.49072680
65.000000,-11.08492470,0.22474697,-0.13039148,0.49071905
65.033333,-22.52208138,0.24458370,-0.17011139,0.51587611
65.066667,-22.65879822,0.24458532,-0.17010453,0.51578826
65.100000,-28.08904648,0.24458863,-0.17009875,0.51570606
65.133333,-11.83771706,0.24458875,-0.17008702,0.51563513
65.166667,-5.23975182,0.24459116,-0.17006019,0.51557672
65.200000,-3.24372458,0.24459314,-0.17002742,0.51552510
65.233333,-5.55811262,0.24459368,-0.16999301,0.51547801
65.266667,-8.96837807,0.24459301,-0.16996996,0.51543742
65.300000,-13.55984116,0.24458957,-0.16995084,0.51539558
65.333333,-15.54360676,0.24458517,-0.16993383,0.51534373
65.366667,-17.27883530,0.24458046,-0.16991746,0.51528603
65.400000,-14.96361065,0.24457760,-0.16990025,0.51523668
65.433333,-17.62893867,0.24457233,-0.16988362,0.51519191
65.466667,-17.00282669,0.24456719,-0.16986677,0.51514465
65.500000,-16.91857719,0.24456069,-0.16984898,0.51509404
65.533333,-14.04625225,0.24455397,-0.16983180,0.51504302
65.566667,-14.62806225,0.24454741,-0.16981621,0.51498926
65.600000,-10.05768871,0.24454549,-0.16979900,0.51492536
65.633333,-8.00930214,0.24454720,-0.16977373,0.51486957
65.666667,-4.55954552,0.24455629,-0.16973574,0.51482391
65.700000,-1.84853590,0.24456906,-0.16969228,0.51478952
65.733333,-0.69192398,0.24456604,-0.16962442,0.51455241
65.766667,-0.49238649,0.24456258,-0.16957156,0.51427025
65.800000,-0.27087516,0.24455649,-0.16949838,0.51403278
65.833333,-0.25461280,0.24455073,-0.16943668,0.51379991
65.866667,1.38692784,0.24446093,-0.16960990,0.51235676
65.900000,-0.61917931,0.24436077,-0.16995256,0.51052922
65.933333,-1.73208630,0.24427949,-0.17031997,0.50857067
65.966667,-2.25819182,0.24421273,-0.17070869,0.50651652
66.000000,-2.91582894,0.24415071,-0.17109971,0.50444245
66.033333,-4.36937428,0.24402551,-0.17189647,0.50239503
66.066667,-5.69637442,0.24382107,-0.17293470,0.50028777
66.100000,-6.55494881,0.24362166,-0.17397273,0.49814311
66.133333,-6.80305099,0.24342670,-0.17491227,0.49614739
66.166667,-5.95898151,0.24321158,-0.17588742,0.49414545
66.200000,-7.10497665,0.24299625,-0.17686409,0.49214026
66.233333,-8.45646286,0.24277751,-0.17787516,0.49007601
66.266667,-7.67587233,0.24256711,-0.17889908,0.48797020
66.300000,-9.12430000,0.24236128,-0.17991337,0.48586133
66.333333,-8.90592194,0.24216165,-0.18089780,0.48379585
66.366667,-9.07670307,0.24195459,-0.18190128,0.48173419
66.400000,-6.95304441,0.24174699,-0.18291394,0.47965363
66.433333,-6.62738419,0.24154221,-0.18394040,0.47754669
66.466667,-1.24160063,0.24141444,-0.18446343,0.47623357
66.500000,-1.72182512,0.24119292,-0.18505418,0.47511414
66.533333,-7.32767057,0.24181245,-0.18523635,0.47494009
66.566667,-5.82032919,0.24295557,-0.18468194,0.47501478
66.600000,-6.89151382,0.24333645,-0.18381900,0.47458935
66.633333,-6.64305258,0.24334772,-0.18319237,0.47445580
66.666667,-7.39725590,0.24335514,-0.18253836,0.47440714
66.700000,-6.90647507,0.24336128,-0.18188387,0.47436655
66.733333,-10.38979244,0.24335559,-0.18124834,0.47432134
66.766667,-6.95641279,0.24334991,-0.18098353,0.47418591
66.800000,-8.71175385,0.24333416,-0.18083628,0.47395104
66.833333,-5.93916988,0.24321975,-0.18059917,0.47300765
66.866667,-5.66692543,0.24377593,-0.18063086,0.47201514
66.900000,-4.85343695,0.24449524,-0.18062301,0.47093153
66.933333,-3.85112000,0.24519876,-0.18061404,0.46985808
66.966667,-3.74820590,0.24592598,-0.18059561,0.46872920
67.000000,-3.52340603,0.24668780,-0.18055272,0.46752989
67.033333,-3.95261717,0.24748597,-0.18049639,0.46623421
67.066667,-3.31441283,0.24827927,-0.18044560,0.46496001
67.100000,-3.17915940,0.24909636,-0.18038519,0.46362960
67.133333,-3.02871704,0.24992225,-0.18032181,0.46227509
67.166667,-3.20204163,0.25074738,-0.18025510,0.46091762
67.200000,-3.38445401,0.25157288,-0.18019113,0.45955881
67.233333,-3.23939228,0.25239643,-0.18012819,0.45820734
67.266667,-3.13940573,0.25321978,-0.18006600,0.45685938
67.300000,-3.07589650,0.25403771,-0.18000601,0.45552301
67.333333,-3.04136133,0.25485638,-0.17994407,0.45418003
67.366667,-3.14241695,0.25567085,-0.17988572,0.45285040
67.400000,-3.11542583,0.25648201,-0.17982846,0.45152566
67.433333,-2.99778128,0.25728390,-0.17977665,0.45022282
67.466667,-2.84162378,0.25807965,-0.17972806,0.44893456
67.500000,-2.63379622,0.25888503,-0.17967613,0.44762692
67.533333,-2.71950269,0.25969294,-0.17961717,0.44630438
67.566667,-2.72304606,0.26049927,-0.17956232,0.44498512
67.600000,-2.98831296,0.26131129,-0.17950499,0.44364965
67.633333,-2.53169227,0.26210687,-0.17945743,0.44235867
67.666667,-2.48155403,0.26289210,-0.17941006,0.44108480
67.700000,-2.58727717,0.26367342,-0.17935646,0.43984169
67.733333,-2.25847816,0.26443711,-0.17931345,0.43863004
67.766667,0.54062355,0.26752895,-0.17963396,0.43902868
67.800000,0.33635879,0.27119267,-0.17974560,0.43926620
67.833333,0.18737747,0.27494594,-0.17982203,0.43930936
67.866667,0.10837188,0.27872387,-0.17988169,0.43927449
67.900000,-0.07396933,0.28249046,-0.17994204,0.43923160
67.933333,0.16938969,0.28625590,-0.18000965,0.43920785
67.966667,0.14125827,0.29003814,-0.18006851,0.43916243
68.000000,0.12133046,0.29381859,-0.18012835,0.43911204
68.033333,0.07543259,0.29760310,-0.18018633,0.43905699
68.066667,0.11946139,0.30138001,-0.18024656,0.43900737
68.100000,0.11786471,0.30516431,-0.18030499,0.43895379
68.133333,0.06762171,0.30894569,-0.18035993,0.43889907
68.166667,0.12718040,0.31272611,-0.18041778,0.43884465
68.200000,0.15398693,0.31649739,-0.18048063,0.43880516
68.233333,-0.63658339,0.32022619,-0.18053418,0.43879345
68.266667,-0.11709861,0.32398984,-0.18058647,0.43878806
68.300000,-0.74687970,0.32727838,-0.18075980,0.43910262
68.333333,0.29371360,0.33080119,-0.18094674,0.43957558
68.366667,0.62202471,0.33435938,-0.18107352,0.43985924
68.400000,-0.45185187,0.33799493,-0.18118300,0.44004932
68.433333,-0.39957565,0.34159362,-0.18130465,0.44028586
68.466667,-8.17294312,0.34479114,-0.18148559,0.44069242
68.500000,-0.24051608,0.34808537,-0.18179175,0.44157231
68.533333,-0.21295702,0.35158259,-0.18195829,0.44203153
68.566667,0.18554333,0.35501689,-0.18211636,0.44246185
68.600000,-0.77509964,0.35846034,-0.18228397,0.44288975
68.633333,1.03187788,0.36182922,-0.18249735,0.44345224
68.666667,0.72618490,0.36535338,-0.18266773,0.44387308
68.700000,-1.88517272,0.36827853,-0.18294075,0.44461593
68.733333,0.23898488,0.37177584,-0.18318416,0.44538978
68.766667,-1.74434578,0.37395006,-0.18291791,0.44436288
68.800000,-1.82849002,0.37399992,-0.18251044,0.44339833
68.833333,-1.87413585,0.37370956,-0.18213455,0.44307089
68.866667,-2.87658238,0.37262604,-0.18187331,0.44267994
68.900000,-4.81813908,0.36871082,-0.18126442,0.44144472
68.933333,-4.71288395,0.36410156,-0.18081878,0.44088405
68.966667,4.90869999,0.36007467,-0.18035202,0.44028527
69.000000,-2.52989936,0.35583916,-0.17978068,0.43932745
69.033333,-2.00778389,0.35131440,-0.17933573,0.43882173
69.066667,-0.19450246,0.34700403,-0.17887537,0.43833512
69.100000,-2.85065508,0.34248132,-0.17841122,0.43783563
69.133333,1.36341083,0.34168041,-0.17858179,0.43876523
69.166667,0.38393396,0.34127206,-0.17793044,0.43885887
69.200000,-1.18338943,0.33959511,-0.17290767,0.43733236
69.233333,-0.92580134,0.33799234,-0.16692595,0.43556228
69.266667,-0.13988133,0.33763468,-0.16195090,0.43401462
69.300000,-0.49304959,0.33763760,-0.15832441,0.43274072
69.333333,-1.08750689,0.33662686,-0.15297152,0.43075359
69.366667,-1.27400017,0.33538532,-0.14671589,0.42848235
69.400000,-2.08121109,0.33375803,-0.13919421,0.42551360
69.433333,-2.47335744,0.33210480,-0.13133821,0.42233121
69.466667,-5.03257513,0.32866856,-0.12199043,0.41785482
69.500000,-1.70489252,0.32846525,-0.11960379,0.41659370
69.533333,-0.36433479,0.32858875,-0.11951781,0.41625988
69.566667,-0.48067161,0.32859623,-0.11940512,0.41615868
69.600000,-0.76556742,0.32859898,-0.11931188,0.41612276
69.633333,-1.15479553,0.32859805,-0.11922292,0.41609994
69.666667,-1.61381090,0.32859695,-0.11913700,0.41607922
69.700000,-1.92955792,0.32859489,-0.11905362,0.41605815
69.733333,-2.32552433,0.32858896,-0.11896807,0.41603696
69.766667,-2.40661478,0.32858422,-0.11888792,0.41601422
69.800000,-2.19335198,0.32846886,-0.11694146,0.41565749
69.833333,-2.05165505,0.32833079,-0.11354756,0.41501558
69.866667,-2.65635777,0.32822713,-0.10972732,0.41423997
69.900000,-1.24902761,0.32804424,-0.10540105,0.41278431
69.933333,-1.20665085,0.32783389,-0.10153255,0.41141832
69.966667,-1.81418049,0.32771376,-0.09895927,0.41032386
70.000000,-1.00442171,0.32758385,-0.09567652,0.40900615
70.033333,-1.71177280,0.32746115,-0.09258478,0.40788925
70.066667,-4.58647776,0.32723334,-0.08770350,0.40633708
70.100000,-2.92690945,0.32711476,-0.08277296,0.40439266
70.133333,-2.90193987,0.32701361,-0.07933348,0.40321183
70.166667,-4.89156675,0.32691801,-0.07599992,0.40224341
70.200000,-6.82831812,0.32694134,-0.07485128,0.40193415
70.233333,-6.62752914,0.32695824,-0.07449834,0.40181646
70.266667,-4.88943672,0.32694477,-0.07409689,0.40180212
70.300000,-4.67599535,0.32690734,-0.07251317,0.40186024
70.333333,-4.41801691,0.32760960,-0.06672563,0.40236968
70.366667,-5.19729948,0.32857418,-0.05891078,0.40236664
70.400000,-5.37374687,0.32957560,-0.05126317,0.40170449
70.433333,-5.83278036,0.33059561,-0.04377035,0.40080756
70.466667,-6.76243591,0.33120441,-0.03726327,0.39980730
70.500000,-5.12141228,0.33160260,-0.03166531,0.39906740
70.533333,-6.22353458,0.33188206,-0.02622321,0.39863041
70.566667,-6.73290968,0.33207577,-0.02048574,0.39794061
70.600000,-6.72929478,0.33210257,-0.01497049,0.39718994
70.633333,-6.63758945,0.33207378,-0.00937138,0.39626563
70.666667,-4.82104588,0.33203638,-0.00379234,0.39527026
70.700000,-6.24370146,0.33199665,0.00183752,0.39419568
70.733333,-6.30119467,0.33196437,0.00745434,0.39310959
70.766667,-5.65304804,0.33191958,0.01315857,0.39181948
70.800000,-3.49910331,0.33192271,0.01787274,0.39071226
70.833333,-2.47140121,0.33188036,0.02309999,0.38959476
70.866667,-5.10342360,0.33182099,0.02843341,0.38805252
70.900000,-3.29283214,0.33176947,0.03392482,0.38625988
70.933333,-5.76433754,0.33173609,0.03928447,0.38449585
70.966667,-4.59098721,0.33170953,0.04460063,0.38278171
71.000000,-5.37180328,0.33168381,0.04986766,0.38124016
71.033333,-3.89859295,0.33165205,0.05508763,0.37975165
71.066667,-4.96809387,0.33162579,0.06015056,0.37832952
71.100000,-5.35161591,0.33158481,0.06501419,0.37685853
71.133333,-3.60240602,0.33150470,0.06818537,0.37571615
71.166667,-2.63463831,0.33147308,0.07006965,0.37516713
71.200000,-3.38570809,0.33140084,0.07066897,0.37484354
71.233333,-3.47709680,0.33138505,0.07077832,0.37475154
71.266667,-2.84683609,0.33165014,0.07087531,0.37480205
71.300000,-3.91971207,0.33246464,0.07095035,0.37492865
71.333333,-2.20566249,0.33495101,0.07099780,0.37536845
71.366667,-3.57195544,0.33840081,0.07104561,0.37558737
71.400000,-2.01067019,0.34229851,0.07111969,0.37557930
71.433333,-2.39129639,0.34566337,0.07120248,0.37531176
71.466667,-2.65306878,0.34861416,0.07128780,0.37505972
71.500000,-2.46149039,0.35135844,0.07137947,0.37481543
71.533333,-5.14901447,0.35256562,0.07147508,0.37441656
71.566667,-4.86459494,0.35264930,0.07156043,0.37422037
71.600000,-2.76859021,0.35410130,0.07144593,0.37447548
71.633333,-0.61142808,0.35698274,0.07134462,0.37480101
71.666667,-1.79924381,0.36001968,0.07129121,0.37485653
71.700000,0.30737883,0.36363545,0.07133421,0.37461826
71.733333,0.96450305,0.36778027,0.07022697,0.37448549
71.766667,-2.82851434,0.37149787,0.06886663,0.37477019
71.800000,-2.72037816,0.37208983,0.06852739,0.37448630
71.833333,-3.88933063,0.37203443,0.06861629,0.37443185
71.866667,-6.53640032,0.37202451,0.06868836,0.37441432
71.900000,-5.17679262,0.37134448,0.07032187,0.37401626
71.933333,-5.87707424,0.37063885,0.07304127,0.37337339
71.966667,-3.59843755,0.37018803,0.07549806,0.37280789
72.000000,-4.72088814,0.36957389,0.07894780,0.37184685
72.033333,-6.54531574,0.36891741,0.08278613,0.37052512
72.066667,-7.47676468,0.36845130,0.08614034,0.36945659
72.100000,-4.17955542,0.36792928,0.08982661,0.36816671
72.133333,-2.58630085,0.36766890,0.09360520,0.36691549
72.166667,-2.76324368,0.36758384,0.09649508,0.36611816
72.200000,-4.49816465,0.36742708,0.09988664,0.36505318
72.233333,-7.88229465,0.36736357,0.10349678,0.36379981
72.266667,-9.11063671,0.36731958,0.10713217,0.36251360
72.300000,-2.97855949,0.36736414,0.11024934,0.36160690
72.333333,-4.21430492,0.36732966,0.11314776,0.36087525
72.366667,-4.84308147,0.36726150,0.11618043,0.36008528
72.400000,-7.25935078,0.36713713,0.11959173,0.35901558
72.433333,-6.03123951,0.36700106,0.12326767,0.35777631
72.466667,-4.29099131,0.36699378,0.12640552,0.35670048
72.500000,1.45986998,0.36695853,0.12946077,0.35588655
72.533333,2.56214309,0.36687547,0.13263659,0.35500970
72.566667,-0.70441014,0.36694846,0.13516460,0.35456449
72.600000,-1.15226805,0.36696428,0.13793670,0.35395733
72.633333,-8.10211468,0.36692870,0.14108914,0.35316998
72.666667,-2.70787764,0.36696535,0.14373507,0.35261959
72.700000,0.41902342,0.36693177,0.14693972,0.35182744
72.733333,-2.24971628,0.36695114,0.14966516,0.35121888
72.766667,1.38838696,0.36694172,0.15280607,0.35049069
72.800000,-2.48747635,0.36701512,0.15547685,0.35003439
72.833333,-4.45426607,0.36690453,0.15904766,0.34892541
72.866667,-0.54558146,0.36695418,0.16174813,0.34832171
72.900000,-3.60644269,0.36697984,0.16474478,0.34760994
72.933333,-5.81698322,0.36682215,0.16854516,0.34626505
72.966667,-3.18476486,0.36664176,0.17225429,0.34476787
73.000000,-1.98592353,0.36677638,0.17454571,0.34441227
73.033333,-4.63173103,0.36694586,0.17676179,0.34421435
73.066667,-1.08838725,0.36703780,0.17971122,0.34367621
73.100000,1.22604942,0.36716974,0.18234426,0.34293890
73.133333,-4.16615915,0.36814994,0.18281339,0.34312302
73.166667,-4.05872726,0.36939698,0.18316145,0.34320566
73.200000,-6.11073732,0.37012956,0.18267137,0.34308276
73.233333,-5.44020844,0.37083545,0.18190420,0.34308919
73.266667,-4.22372866,0.37155724,0.18116233,0.34315568
73.300000,-3.32000399,0.37542018,0.18084601,0.34455863
73.333333,-7.69652081,0.37967238,0.18075390,0.34661463
73.366667,-5.45248222,0.38323119,0.18093354,0.34839523
73.400000,-2.88333297,0.38839525,0.18121080,0.35194376
73.433333,-2.71614528,0.39282644,0.18151405,0.35611933
73.466667,-5.34487867,0.39641511,0.18195038,0.35935089
73.500000,-1.78346407,0.39859754,0.18229587,0.36156464
73.533333,-4.78177786,0.40137008,0.18316236,0.36320710
73.566667,-4.54580402,0.40374357,0.18405417,0.36440820
73.600000,-2.03836727,0.40507707,0.18535693,0.36524567
73.633333,-3.39175582,0.40515500,0.18633850,0.36537594
73.666667,-3.62121344,0.40504122,0.18665592,0.36529046
73.700000,-3.73119497,0.40502504,0.18670540,0.36520851
73.733333,-3.59116364,0.40503606,0.18667746,0.36514521
73.766667,-4.88680887,0.40528926,0.18709272,0.36634502
73.800000,-6.90748596,0.40596348,0.18797517,0.36958855
73.833333,-5.31913185,0.40690100,0.18909818,0.37405601
73.866667,-3.28462291,0.40772498,0.18972410,0.37868646
73.900000,-2.72911453,0.40888786,0.18984176,0.38319579
73.933333,-1.97614253,0.40944508,0.19034773,0.38708496
73.966667,-8.18582249,0.40982270,0.19118987,0.39019093
74.000000,-6.90301991,0.40970066,0.19138528,0.39113271
74.033333,-2.19446087,0.40971008,0.19136983,0.39121503
74.066667,-0.24192029,0.40962037,0.19135222,0.39115331
74.100000,1.51601613,0.40931442,0.19132073,0.39102826
74.133333,3.73506737,0.40831450,0.19122308,0.39060742
74.166667,2.81207871,0.40728834,0.19114144,0.39019048
74.200000,8.28783226,0.40233427,0.19226769,0.38828033
74.233333,4.22165918,0.39656472,0.19413158,0.38634107
74.266667,0.41009483,0.39103532,0.19623762,0.38441288
74.300000,-0.79235828,0.38531116,0.19870719,0.38258967
74.333333,-2.75081420,0.38493434,0.20000538,0.38296139
74.366667,-5.30446672,0.38556746,0.20008793,0.38414523
74.400000,-12.87663746,0.38601929,0.20013258,0.38578311
74.433333,-21.99997139,0.38666105,0.20023945,0.38764760
74.466667,-18.16159821,0.38694030,0.20037681,0.38899776
74.500000,-25.02979279,0.38726944,0.20040533,0.39007989
74.533333,-23.14783096,0.38758987,0.20043597,0.39101705
74.566667,-15.55185604,0.38830939,0.20066635,0.39197335
74.600000,-20.54820824,0.38960737,0.20127450,0.39335057
74.633333,-20.41543579,0.39093122,0.20204876,0.39481688
74.666667,-26.38284492,0.39219379,0.20281611,0.39624789
74.700000,-15.82006264,0.39347294,0.20367202,0.39784244
74.733333,-28.91566658,0.39458948,0.20446160,0.40034845
74.766667,-22.75504112,0.39530760,0.20558466,0.40180001
74.800000,-21.00047302,0.39521563,0.20591754,0.40229568
74.833333,-18.22380638,0.39516324,0.20596078,0.40270281
74.866667,-15.14355564,0.39512888,0.20600219,0.40303639
74.900000,-19.70323944,0.39567488,0.20618236,0.40399235
74.933333,-19.26250458,0.39691150,0.20716564,0.40651613
74.966667,-19.31346512,0.39799029,0.20799722,0.40897188
75.000000,-17.95861816,0.39911991,0.20874815,0.41134056
75.033333,-1.06092143,0.40029964,0.20954449,0.41382694
75.066667,-6.52388430,0.40136585,0.21025731,0.41575086
75.100000,-3.96450043,0.40249419,0.21133868,0.41817549
75.133333,0.42385033,0.40205479,0.21144874,0.41823941
75.166667,0.20875040,0.40196392,0.21148004,0.41830683
75.200000,1.36120832,0.40148088,0.21143270,0.41806546
75.233333,0.05509826,0.40006962,0.21176070,0.41751316
75.266667,-1.01044333,0.39754650,0.21268916,0.41666821
75.300000,-1.27178288,0.39415088,0.21399820,0.41586655
75.333333,-2.01148319,0.38948554,0.21600777,0.41507763
75.366667,-2.48039937,0.38400239,0.21843112,0.41439480
75.400000,-1.75631332,0.37904578,0.22052638,0.41400829
75.433333,-1.68869460,0.37674412,0.22142310,0.41421220
75.466667,0.17386498,0.37644818,0.22160172,0.41457385
75.500000,0.27024725,0.37646052,0.22159702,0.41464737
75.533333,-0.84483522,0.37512255,0.22143367,0.41416633
75.566667,-1.14945412,0.37311795,0.22134563,0.41367224
75.600000,-1.65536249,0.37049827,0.22123714,0.41303465
75.633333,-3.77305794,0.36557293,0.22111627,0.41164431
75.666667,-3.19312811,0.36071584,0.22132964,0.41081515
75.700000,-0.04785283,0.35985523,0.22176965,0.41150135
75.733333,-0.10365991,0.35985509,0.22178642,0.41173705
75.766667,-1.89183342,0.35809478,0.22158532,0.41121539
75.800000,-2.34970284,0.35456708,0.22144741,0.41034883
75.833333,-2.10882735,0.35103312,0.22146228,0.40983498
75.866667,-0.16218162,0.35041627,0.22171621,0.41037899
75.900000,-0.26173383,0.35042894,0.22171415,0.41054305
75.933333,-0.46451208,0.35044515,0.22169884,0.41054681
75.966667,-0.56201589,0.35046634,0.22169298,0.41050780
76.000000,-0.63348919,0.35048705,0.22169176,0.41045332
76.033333,-0.70945615,0.35050687,0.22169162,0.41039670
76.066667,-0.80128419,0.35052541,0.22169219,0.41034177
76.100000,-0.90987074,0.35054359,0.22169276,0.41028753
76.133333,-1.03833616,0.35056141,0.22169340,0.41023335
76.166667,-1.18899310,0.35057899,0.22169405,0.41017944
76.200000,-2.32317328,0.35011822,0.21930565,0.40907511
76.233333,-1.45830762,0.34998474,0.21608485,0.40800750
76.266667,-1.66260314,0.34984756,0.21287899,0.40699765
76.300000,-1.05961919,0.34972373,0.20958585,0.40598825
76.333333,-1.04097748,0.34964547,0.20624448,0.40501499
76.366667,-1.48833847,0.34950510,0.20306158,0.40403643
76.400000,-0.93464321,0.34940261,0.19968620,0.40303025
76.433333,-0.99960065,0.34930733,0.19641358,0.40206805
76.466667,-0.55063343,0.34917039,0.19321829,0.40109035
76.500000,-0.59341705,0.34909996,0.18982555,0.40011412
76.533333,-0.90909868,0.34899372,0.18649878,0.39913431
76.566667,-0.57589430,0.34893948,0.18305157,0.39816666
76.600000,-1.21348488,0.34883159,0.17981407,0.39721718
76.633333,-0.95009947,0.34874403,0.17642172,0.39623472
76.666667,-1.19702458,0.34865156,0.17316966,0.39529204
76.700000,-1.00139952,0.34854940,0.16985060,0.39431942
76.733333,-1.15077996,0.34847549,0.16654435,0.39337844
76.766667,-1.09574664,0.34836033,0.16330820,0.39242086
76.800000,-1.17668390,0.34828269,0.16000815,0.39147675
76.833333,-1.59986460,0.34816697,0.15681890,0.39053181
76.866667,-1.18472040,0.34811121,0.15333861,0.38955814
76.900000,-1.27891195,0.34803957,0.15004838,0.38863477
76.933333,-1.51158965,0.34794176,0.14680022,0.38769591
76.966667,-1.55026507,0.34785908,0.14350151,0.38675389
77.000000,-1.49769282,0.34778693,0.14016052,0.38581365
77.033333,-1.35080993,0.34772503,0.13678062,0.38487655
77.066667,-1.16986752,0.34767583,0.13333897,0.38393900
77.100000,-0.86514676,0.34766090,0.12974189,0.38299906
77.133333,-0.65051514,0.34766403,0.12607141,0.38206968
77.166667,-0.45863295,0.34767425,0.12237201,0.38114861
77.200000,-0.15221044,0.34767774,0.11872954,0.38024035
77.233333,-0.64789158,0.34764627,0.11523212,0.37933302
77.266667,3.21849346,0.34804431,0.11743499,0.37938687
77.300000,0.74030757,0.34720954,0.12374873,0.37848598
77.333333,-1.66390061,0.34666911,0.12850375,0.37716094
77.366667,-2.40497255,0.34643632,0.12972926,0.37614867
77.400000,-0.46422914,0.34644547,0.12981509,0.37577072
77.433333,0.08970861,0.34645998,0.12983324,0.37563783
77.466667,-0.14762543,0.34647477,0.12987502,0.37557656
77.500000,0.03325964,0.34648007,0.12989654,0.37552199
77.533333,0.17223257,0.34648928,0.12989934,0.37547401
77.566667,0.25091049,0.34649831,0.12990141,0.37542909
77.600000,-0.06119496,0.34650737,0.12990293,0.37538454
77.633333,0.05747144,0.34651616,0.12990481,0.37534064
77.666667,0.12375429,0.34652486,0.12990662,0.37529677
77.700000,0.17065337,0.34653357,0.12990837,0.37525222
77.733333,0.21119826,0.34654242,0.12991002,0.37520751
77.766667,-0.16351657,0.34655112,0.12991169,0.37516236
77.800000,-0.01691547,0.34655988,0.12991352,0.37511763
77.833333,0.04844955,0.34656855,0.12991551,0.37507358
77.866667,0.07658489,0.34657735,0.12991694,0.37502885
77.900000,0.07464519,0.34658566,0.12991862,0.37498337
77.933333,0.09182520,0.34659404,0.12992004,0.37493777
77.966667,0.09614656,0.34660247,0.12992160,0.37489226
78.000000,0.11524080,0.34661096,0.12992305,0.37484649
78.033333,0.15645921,0.34661949,0.12992479,0.37480071
78.066667,0.20044571,0.34662819,0.12992634,0.37475511
78.100000,-0.15022926,0.34663650,0.12992786,0.37470940
78.133333,-0.00554621,0.34664503,0.12992962,0.37466332
78.166667,0.58441055,0.34666792,0.13096750,0.37458587
78.200000,1.75168717,0.34623101,0.13463430,0.37355354
78.233333,2.01653981,0.34617424,0.14023140,0.37106860
78.266667,-0.17713997,0.34612098,0.14605042,0.36720219
78.300000,0.01588618,0.34611005,0.15134579,0.36313415
78.333333,-3.47476435,0.34593657,0.15444009,0.35996291
78.366667,-0.36491156,0.34595168,0.15653084,0.35816526
78.400000,-1.82899773,0.34584960,0.15715031,0.35711643
78.433333,-0.08582025,0.34585389,0.15721074,0.35678530
78.466667,-0.38755029,0.34586641,0.15722437,0.35667157
78.500000,-0.13561814,0.34587759,0.15722896,0.35660923
78.533333,0.01608265,0.34588850,0.15723191,0.35656157
78.566667,0.08690381,0.34589931,0.15723419,0.35651702
78.600000,0.10283288,0.34591007,0.15723614,0.35647309
78.633333,0.09198194,0.34592065,0.15723804,0.35642943
78.666667,0.06851576,0.34593138,0.15723959,0.35638571
78.700000,0.03054260,0.34594220,0.15724123,0.35634190
78.733333,-0.00506436,0.34595287,0.15724234,0.35629806
78.766667,-0.04226202,0.34596348,0.15724351,0.35625425
78.800000,-0.07165150,0.34597415,0.15724485,0.35620996
78.833333,-0.09417700,0.34598476,0.15724592,0.35616583
78.866667,-0.10957298,0.34599528,0.15724713,0.35612193
78.900000,-0.10895748,0.34600601,0.15724818,0.35607788
78.933333,-0.09581921,0.34601653,0.15724936,0.35603395
78.966667,-0.07112692,0.34602726,0.15725052,0.35599023
79.000000,-0.03312917,0.34603789,0.15725164,0.35594645
79.033333,0.01726187,0.34604856,0.15725297,0.35590306
79.066667,0.08570812,0.34605935,0.15725432,0.35585913
79.100000,0.17000750,0.34607023,0.15725575,0.35581544
79.133333,0.27236471,0.34608114,0.15725735,0.35577211
79.166667,0.37479550,0.34609222,0.15725915,0.35572863
79.200000,-0.28002718,0.34610280,0.15726115,0.35568434
79.233333,-0.08993969,0.34611356,0.15726325,0.35564026
79.266667,0.08043972,0.34612411,0.15726544,0.35559586
79.300000,0.17733078,0.34613472,0.15726788,0.35555184
79.333333,-0.48323974,0.34614497,0.15726978,0.35550678
79.366667,-0.35813415,0.34615549,0.15727188,0.35546178
79.400000,-0.26996538,0.34616557,0.15727410,0.35541677
79.433333,-0.19616033,0.34617558,0.15727623,0.35537162
79.466667,-0.13959324,0.34618571,0.15727827,0.35532618
79.500000,-0.08983153,0.34619570,0.15728055,0.35528082
79.533333,-0.05731646,0.34620538,0.15728301,0.35523549
79.566667,-0.91416389,0.34552312,0.15725064,0.35472840
79.600000,-0.95192891,0.34542495,0.15727301,0.35449401
79.633333,-0.65151095,0.34544346,0.15728523,0.35440981
79.666667,-0.57561350,0.34545207,0.15728888,0.35435098
79.700000,-0.55579597,0.34546146,0.15729119,0.35430104
79.733333,-0.53480434,0.34547082,0.15729305,0.35425267
79.766667,-0.51750928,0.34547994,0.15729500,0.35420477
79.800000,-0.50186199,0.34548903,0.15729651,0.35415745
79.833333,-0.47489429,0.34549826,0.15729846,0.35411003
79.866667,-0.44654745,0.34550738,0.15730034,0.35406271
79.900000,-0.42631152,0.34551644,0.15730228,0.35401526
79.933333,-0.41048518,0.34552556,0.15730408,0.35396788
79.966667,-0.37509513,0.34553477,0.15730616,0.35392016
80.000000,-0.34554014,0.34554380,0.15730810,0.35387263
80.033333,-0.31387782,0.34555301,0.15731037,0.35382506
80.066667,-0.26979828,0.34556201,0.15731256,0.35377738
80.100000,-0.25744680,0.34557110,0.15731487,0.35372984
80.133333,-0.81517005,0.34558022,0.15731660,0.35368216
80.166667,-0.79429263,0.34558904,0.15731868,0.35363457
80.200000,-0.72959870,0.34559789,0.15732113,0.35358661
80.233333,-0.69965929,0.34560665,0.15732303,0.35353896
80.266667,-0.69728732,0.34561530,0.15732504,0.35349056
80.300000,-0.70115393,0.34562370,0.15732695,0.35344157
80.333333,-0.33073300,0.34611070,0.15735266,0.35349625
80.366667,-0.37422168,0.34668377,0.15735486,0.35348403
80.400000,-0.36732641,0.34725270,0.15735708,0.35344967
80.433333,-0.37356463,0.34781906,0.15735994,0.35340908
80.466667,-0.35185987,0.34838367,0.15736395,0.35337070
80.500000,-0.34596756,0.34894824,0.15736772,0.35333288
80.533333,-0.32451335,0.34951407,0.15737145,0.35329491
80.566667,-0.30829555,0.35008585,0.15737437,0.35325101
80.600000,-0.31899175,0.35065839,0.15737657,0.35320288
80.633333,-0.32587096,0.35123134,0.15737918,0.35315296
80.666667,-0.33991846,0.35180154,0.15738222,0.35310546
80.700000,-0.15392099,0.35216197,0.15787172,0.35309768
80.733333,-0.43481123,0.35240179,0.15862525,0.35308334
80.766667,-0.44596967,0.35263890,0.15937997,0.35306174
80.800000,4.97424126,0.35495052,0.16444913,0.35326108
80.833333,2.42355204,0.35706103,0.17103423,0.35248604
80.866667,2.60190153,0.35919100,0.17718084,0.35176599
80.900000,-0.23180547,0.36008954,0.18089241,0.35107443
80.933333,0.83353537,0.36105198,0.18381274,0.35090309
80.966667,0.91847318,0.36204332,0.18669567,0.35085717
81.000000,0.80018616,0.36303529,0.18995301,0.35069489
81.033333,-0.19949204,0.36391774,0.19363950,0.35020730
81.066667,-0.19720308,0.36482298,0.19702412,0.34978652
81.100000,-0.15274839,0.36578047,0.20025367,0.34950650
81.133333,0.08070774,0.36674088,0.20359547,0.34921327
81.166667,-0.01686207,0.36769366,0.20683771,0.34893662
81.200000,-0.05410828,0.36866045,0.21009614,0.34867251
81.233333,0.42059025,0.36964506,0.21328387,0.34845585
81.266667,1.19448161,0.37064183,0.21643357,0.34827274
81.300000,1.88014770,0.37164044,0.21955273,0.34810635
81.333333,0.61109757,0.37262779,0.22278354,0.34788892
81.366667,1.53398263,0.37363476,0.22595313,0.34770408
81.400000,-0.05954460,0.37460601,0.22920878,0.34745008
81.433333,0.03897232,0.37558502,0.23257993,0.34715390
81.466667,-0.23929399,0.37657174,0.23582993,0.34689695
81.500000,0.34553277,0.37753561,0.23936529,0.34651288
81.533333,-0.15449521,0.37843698,0.24291675,0.34601703
81.566667,0.24290539,0.37937373,0.24652086,0.34552291
81.600000,0.13149020,0.38024005,0.25030780,0.34486568
81.633333,0.39963308,0.38110384,0.25399488,0.34420708
81.666667,1.45947373,0.38206342,0.25741261,0.34377250
81.700000,1.46823037,0.38302240,0.26089171,0.34335497
81.733333,1.09639716,0.38394767,0.26446590,0.34286350
81.766667,1.80425012,0.38489938,0.26795945,0.34241873
81.800000,1.12767696,0.38584208,0.27151048,0.34194934
81.833333,1.44254351,0.38676742,0.27506602,0.34144992
81.866667,1.83729291,0.38772658,0.27856833,0.34100488
81.900000,1.72442842,0.38866505,0.28214663,0.34051302
81.933333,1.43919218,0.38959926,0.28571239,0.34000871
81.966667,1.12297606,0.39055702,0.28919399,0.33955783
82.000000,0.45684212,0.39149132,0.29284915,0.33902022
82.033333,-0.08611830,0.39242271,0.29635695,0.33851725
82.066667,0.93985748,0.39341763,0.29979786,0.33811980
82.100000,-0.34439999,0.39436230,0.30330074,0.33765462
82.133333,0.37184468,0.39536798,0.30675077,0.33726966
82.166667,0.55193293,0.39637771,0.31009930,0.33693343
82.200000,0.25014278,0.39740908,0.31339213,0.33661923
82.233333,0.07317010,0.39853942,0.31662548,0.33630162
82.266667,-0.14425249,0.39968711,0.31984508,0.33601478
82.300000,-0.89419949,0.40084699,0.32296714,0.33577746
82.333333,-2.27998495,0.40209013,0.32586956,0.33571741
82.366667,-3.39289069,0.40337187,0.32864580,0.33575824
82.400000,-7.70785618,0.39857674,0.32357478,0.33149377
82.433333,-10.10276031,0.39914894,0.32169753,0.33074972
82.466667,-16.13586807,0.39939138,0.32147160,0.33060989
82.500000,-17.90362930,0.39941719,0.32145372,0.33051103
82.533333,-17.23181534,0.39940569,0.32149303,0.33044738
82.566667,-16.19713020,0.39938924,0.32154053,0.33039507
82.600000,-15.63650608,0.39937463,0.32159102,0.33035415
82.633333,-15.20386124,0.39935669,0.32165670,0.33030882
82.666667,-14.84187412,0.39933676,0.32173187,0.33025903
82.700000,-12.67055607,0.39931974,0.32181588,0.33021563
82.733333,-9.70161533,0.39929876,0.32189569,0.33016875
82.766667,-9.16338444,0.39927635,0.32197389,0.33012107
82.800000,-14.19722176,0.39925417,0.32205433,0.33007455
82.833333,-12.64657402,0.39923304,0.32213348,0.33002865
82.866667,-10.71223927,0.39921889,0.32220176,0.32998276
82.900000,-11.38597965,0.39921087,0.32226580,0.32992667
82.933333,-16.14088058,0.39919850,0.32233262,0.32987264
82.966667,-11.85178661,0.39919242,0.32239154,0.32981935
83.000000,-12.23305988,0.39918137,0.32245353,0.32976717
83.033333,-12.38992405,0.39916858,0.32250923,0.32970998
83.066667,-12.10112762,0.39915752,0.32257438,0.32965511
83.100000,-12.56668758,0.39915183,0.32262799,0.32962164
83.133333,-13.83679008,0.39914522,0.32268825,0.32957768
83.166667,-10.80239868,0.39913991,0.32275566,0.32953215
83.200000,-14.31681919,0.39912900,0.32282436,0.32948756
83.233333,1.08328116,0.25073364,-0.19591469,0.50280839
83.266667,6.08876085,0.25074536,-0.19586352,0.50275612
83.300000,6.52419424,0.25075436,-0.19580573,0.50271690
83.333333,5.43088436,0.25076151,-0.19574392,0.50268596
83.366667,3.69452691,0.25076556,-0.19568141,0.50265640
83.400000,1.63812935,0.25076964,-0.19562027,0.50262302
83.433333,-0.59438699,0.25077587,-0.19556458,0.50258464
83.466667,-1.92331898,0.25078529,-0.19552250,0.50253898
83.500000,-2.29162812,0.25063810,-0.19478720,0.50220138
83.533333,-5.06236744,0.24984349,-0.19093838,0.50016886
83.566667,-7.12171745,0.24922350,-0.18715595,0.49711698
83.600000,-6.72956467,0.24940018,-0.18620904,0.49592048
83.633333,-6.29545689,0.24944545,-0.18552759,0.49525553
83.666667,-4.57350159,0.24908158,-0.18286508,0.49364230
83.700000,-3.51367664,0.24871388,-0.17888521,0.49097222
83.733333,-2.08276892,0.24846533,-0.17504787,0.48832357
83.766667,-1.11925602,0.24824485,-0.17128128,0.48571020
83.800000,2.78337073,0.24803697,-0.16819896,0.48365143
83.833333,-0.04042460,0.24775751,-0.16481911,0.48134211
83.866667,-0.69281065,0.24752983,-0.16168778,0.47930795
83.900000,1.17468226,0.24729496,-0.15845701,0.47747344
83.933333,-5.60509729,0.24705420,-0.15516247,0.47624049
83.966667,-3.99085569,0.24682818,-0.15188313,0.47529787
84.000000,-8.78963184,0.24655958,-0.14838064,0.47446391
84.033333,-1.32984626,0.24625133,-0.14432997,0.47339407
84.066667,-0.73110187,0.24596693,-0.13974635,0.47200373
84.100000,-0.64541221,0.24559763,-0.13548854,0.47074941
84.133333,-5.65329409,0.24523859,-0.13050039,0.46915758
84.166667,-1.24144495,0.24492280,-0.12588325,0.46769357
84.200000,1.48831677,0.24462621,-0.12150224,0.46630472
84.233333,1.66173649,0.24429806,-0.11709254,0.46497104
84.266667,-1.18985724,0.24391147,-0.11251888,0.46374741
84.300000,-3.24425960,0.24350108,-0.10752641,0.46244252
84.333333,-2.63481450,0.24315748,-0.10254963,0.46111071
84.366667,0.63954246,0.24273555,-0.09800199,0.46020290
84.400000,7.11334181,0.24231941,-0.09185876,0.46002790
84.433333,8.54938126,0.24197733,-0.08531142,0.46028259
84.466667,5.04067802,0.24171965,-0.07731495,0.46071139
84.500000,4.81975317,0.24168773,-0.07335784,0.46050668
84.533333,-14.23999882,0.24152917,-0.06993847,0.46028581
84.566667,-9.98760509,0.24045281,-0.06729789,0.45940319
84.600000,0.81208551,0.23886937,-0.06423498,0.45814887
84.633333,-5.29140139,0.23728389,-0.05988016,0.45616075
84.666667,11.26441574,0.23627582,-0.05577020,0.45469350
84.700000,15.83533096,0.23556253,-0.05128880,0.45339996
84.733333,16.39045334,0.23487799,-0.04636233,0.45217425
84.766667,17.81558800,0.23435137,-0.03953161,0.45081797
84.800000,-3.10186291,0.23385897,-0.03260092,0.44954833
84.833333,-2.91936612,0.23338424,-0.02634734,0.44898003
84.866667,6.54899740,0.23291503,-0.01960217,0.44857794
84.900000,0.05085221,0.23264891,-0.01063648,0.44758925
84.933333,-2.32179165,0.23265910,-0.00240708,0.44689414
84.966667,-1.94101679,0.23265319,0.00558015,0.44652978
85.000000,-3.79262567,0.23282205,0.00999628,0.44584092
85.033333,-3.60977364,0.23277900,0.01347887,0.44581860
85.066667,-2.55749965,0.23275426,0.01671627,0.44614267
85.100000,-1.40938091,0.23277189,0.02024734,0.44637418
85.133333,-2.06124830,0.23282066,0.02249939,0.44619945
85.166667,0.39398220,0.23281619,0.02829167,0.44682229
85.200000,0.23823880,0.23295061,0.03689758,0.44667473
85.233333,-1.78118241,0.23289901,0.04593399,0.44580635
85.266667,-2.00449777,0.23285638,0.05450301,0.44518688
85.300000,-2.51345348,0.23283479,0.06290790,0.44454026
85.333333,-2.68690610,0.23280284,0.07125363,0.44372806
85.366667,-4.02151299,0.23272583,0.07572105,0.44378844
85.400000,-3.76425838,0.23263583,0.07937921,0.44407749
85.433333,-3.96548963,0.23260581,0.08135093,0.44421250
85.466667,-4.42471313,0.23257950,0.08318254,0.44436839
85.500000,-1.82873976,0.23254411,0.08487207,0.44391525
85.533333,1.68505681,0.23243462,0.08852491,0.44287199
85.566667,-1.70946240,0.23234676,0.09360266,0.44298959
85.600000,-3.98946071,0.23230475,0.09804492,0.44350216
85.633333,-4.55684471,0.23228449,0.10221940,0.44424406
85.666667,-4.58294821,0.23228361,0.10631535,0.44505486
85.700000,-4.01136875,0.23230125,0.11003639,0.44572347
85.733333,-3.65432858,0.23233017,0.11354046,0.44625905
85.766667,-2.28269696,0.23236680,0.11710418,0.44672346
85.800000,-2.56364703,0.23238257,0.11858549,0.44693330
85.833333,-2.31660700,0.23241225,0.11969487,0.44721895
85.866667,-2.55353832,0.23244302,0.12078386,0.44750440
85.900000,-2.77620649,0.23247559,0.12181587,0.44778633
85.933333,-2.64775944,0.23250918,0.12281355,0.44806671
85.966667,-2.63528991,0.23254415,0.12379750,0.44834739
86.000000,-2.28874874,0.23257898,0.12478492,0.44862768
86.033333,-2.43153191,0.23261480,0.12575850,0.44890869
86.066667,-3.48143315,0.23265262,0.12674767,0.44919172
86.100000,-3.73927450,0.23269171,0.12771550,0.44947329
86.133333,-3.80762815,0.23273200,0.12868832,0.44975576
86.166667,-3.92462468,0.23277305,0.12966700,0.45004076
86.200000,-4.03280210,0.23281601,0.13064973,0.45032749
86.233333,-3.96281362,0.23285991,0.13162278,0.45061383
86.266667,-4.12469864,0.23290527,0.13261078,0.45090276
86.300000,-4.03348827,0.23295127,0.13358745,0.45119211
86.333333,-3.91549110,0.23299833,0.13457195,0.45148292
86.366667,-1.38266397,0.23294926,0.13467340,0.45098940
86.400000,-1.91187835,0.23290174,0.13470142,0.45044857
86.433333,3.02235031,0.23054464,0.13539360,0.44873002
86.466667,3.36530399,0.22810143,0.13605855,0.44703972
86.500000,3.17296791,0.22566514,0.13671908,0.44538608
86.533333,-0.57416433,0.22348770,0.13720705,0.44435918
86.566667,4.30480671,0.22326775,0.13705288,0.44291624
86.600000,4.48575783,0.22311312,0.13686079,0.44143033
86.633333,4.10191822,0.22295168,0.13666813,0.43999174
86.666667,4.41517305,0.22278512,0.13647093,0.43859482
86.700000,4.41644478,0.22260891,0.13622984,0.43718722
86.733333,4.51025534,0.22242714,0.13599141,0.43583319
86.766667,4.46263647,0.22223739,0.13571994,0.43448365
86.800000,4.47219610,0.22204098,0.13543212,0.43316209
86.833333,4.19230986,0.22183716,0.13512209,0.43186200
86.866667,-1.44354117,0.22183259,0.13512604,0.43162280
86.900000,-1.70618176,0.22182593,0.13519640,0.43146256
86.933333,-1.90303504,0.22181989,0.13526461,0.43130124
86.966667,-2.03499842,0.22181416,0.13533232,0.43114001
87.000000,-2.14192629,0.22180878,0.13539927,0.43097883
87.033333,-3.20610404,0.22181195,0.13538887,0.43093768
87.066667,-3.37618876,0.22181596,0.13537377,0.43090820
87.100000,-3.39609766,0.22181995,0.13535844,0.43087840
87.133333,-3.51084447,0.22182406,0.13534312,0.43084860
87.166667,-3.58770251,0.22182861,0.13532712,0.43081820
87.200000,-16.45015335,0.22193812,0.13535996,0.43296361
87.233333,-16.78934860,0.22206146,0.13540785,0.43535659
87.266667,-17.27984810,0.22218481,0.13544536,0.43775290
87.300000,-17.87289619,0.22231250,0.13547826,0.44019744
87.333333,-18.15569496,0.22244640,0.13550836,0.44270301
87.366667,-18.23402786,0.22259150,0.13554284,0.44530651
87.400000,-18.46331406,0.22275496,0.13559344,0.44811705
87.433333,-18.53493881,0.22293039,0.13564938,0.45104405
87.466667,-19.85123825,0.22310068,0.13568930,0.45393708
87.500000,-20.14595222,0.22328280,0.13572502,0.45682266
87.533333,-20.89957047,0.22347860,0.13577336,0.45989376
87.566667,-22.25540543,0.22368516,0.13581941,0.46297953
87.600000,-24.11995697,0.22387367,0.13583095,0.46594989
87.633333,-24.63090706,0.22412305,0.13580240,0.46886536
87.666667,-23.96283150,0.22451691,0.13574496,0.47223136
87.700000,-28.76523399,0.22489651,0.13562256,0.47549862
87.733333,-26.40411186,0.22534505,0.13552549,0.47890213
87.766667,-30.85599518,0.22579667,0.13543107,0.48250836
87.800000,-36.26568222,0.22627743,0.13537338,0.48690656
87.833333,12.85787964,0.22631863,0.13562384,0.48776302
87.866667,7.00163269,0.22637329,0.13589500,0.48782542
87.900000,-15.75819874,0.22631443,0.13617481,0.48731387
87.933333,24.35666275,0.22604495,0.13672815,0.48407379
87.966667,-7.20793438,0.22572517,0.13733885,0.48060220
88.000000,-43.88874817,0.22570576,0.13736445,0.47985321
88.033333,-33.31567383,0.22575437,0.13719863,0.47966599
88.066667,-33.50696564,0.22578648,0.13722293,0.47952810
88.100000,-25.66129112,0.22582710,0.13800125,0.47956562
88.133333,-20.52715683,0.22583798,0.13914080,0.47952652
88.166667,-18.97130966,0.22585249,0.13988993,0.47926798
88.200000,-15.84892368,0.22586155,0.14262144,0.47903308
88.233333,-11.02700901,0.22635554,0.14872809,0.47778711
88.266667,-11.69232178,0.22708207,0.15571976,0.47499186
88.300000,-13.99323273,0.22731845,0.16131997,0.47216970
88.333333,-15.23648357,0.22734766,0.16301975,0.47016597
88.366667,-12.01691341,0.22745530,0.16314994,0.46943697
88.400000,-10.96640778,0.22754243,0.16373056,0.46920297
88.433333,-9.81661320,0.22775275,0.16466922,0.46876499
88.466667,-8.77579117,0.22798802,0.16634125,0.46785578
88.500000,-4.85852051,0.22940211,0.17034024,0.46556130
88.533333,-5.50325537,0.23180658,0.17577839,0.46190652
88.566667,-6.17514038,0.23443070,0.18129849,0.45748833
88.600000,-7.49187326,0.23651919,0.18631600,0.45340171
88.633333,-6.02871752,0.23817943,0.19093080,0.44974375
88.666667,-6.52083492,0.23903106,0.19493598,0.44669920
88.700000,-8.28597546,0.23910691,0.19667765,0.44489622
88.733333,-5.98664474,0.23912461,0.19713613,0.44420746
88.766667,-5.51111126,0.23914558,0.19726720,0.44394070
88.800000,-5.07973242,0.23917478,0.19751827,0.44385675
88.833333,-5.22408628,0.23918141,0.19779705,0.44377097
88.866667,-5.29277897,0.23919263,0.19805594,0.44368455
88.900000,-5.33960485,0.23920378,0.19831493,0.44360006
88.933333,-4.91784906,0.23921452,0.19857557,0.44351545
88.966667,-5.16688299,0.23922509,0.19883658,0.44343093
89.000000,-4.92591524,0.23925585,0.19941039,0.44334808
89.033333,-1.09302902,0.24227464,0.20051335,0.44346783
89.066667,-2.90905237,0.24601477,0.20184356,0.44247440
89.100000,-3.12196207,0.24980405,0.20319349,0.44113916
89.133333,-3.59589314,0.25360870,0.20456432,0.43969864
89.166667,-7.56669569,0.25425109,0.20506550,0.43782261
89.200000,-5.65647125,0.25340310,0.20512140,0.43700707
89.233333,-6.39227486,0.24810930,0.20727187,0.43616369
89.266667,-6.14728546,0.23952709,0.21186489,0.43509507
89.300000,-5.75745344,0.23638485,0.21433985,0.43505836
89.333333,-5.43775988,0.23612881,0.21463816,0.43503872
89.366667,-5.23062229,0.23615249,0.21460514,0.43494755
89.400000,-5.16489601,0.23616162,0.21458320,0.43486288
89.433333,-5.40394926,0.23565325,0.21480766,0.43473345
89.466667,-6.81596804,0.22838016,0.21894832,0.43347025
89.500000,-7.86364889,0.21907608,0.22508554,0.43173912
89.533333,-7.87211943,0.21120875,0.23140623,0.43009984
89.566667,-9.07993698,0.20662491,0.23519170,0.42912787
89.600000,-8.01817036,0.20589693,0.23602489,0.42883939
89.633333,-8.00555801,0.20596448,0.23606494,0.42865983
89.666667,-7.89257908,0.20503947,0.23676337,0.42852315
89.700000,-8.00790119,0.20478489,0.23702489,0.42843592
89.733333,-7.74467945,0.20481172,0.23698376,0.42831862
89.766667,-1.95211756,0.20618431,0.24039233,0.42715466
89.800000,-4.33682489,0.20848875,0.24579801,0.42383420
89.833333,-8.98071194,0.20944129,0.24986973,0.41949356
89.866667,-10.86702061,0.20944552,0.25092074,0.41687411
89.900000,-7.67872477,0.20948036,0.25101826,0.41611683
89.933333,-6.34795713,0.20949611,0.25102657,0.41587132
89.966667,-5.84889555,0.20975822,0.25151247,0.41590273
90.000000,-6.28887939,0.20977278,0.25187215,0.41575691
90.033333,-5.97990990,0.20978232,0.25212598,0.41563675
90.066667,-6.40174532,0.20979510,0.25237963,0.41553852
90.100000,-6.15297842,0.20980719,0.25263089,0.41544473
90.133333,-6.32188559,0.20981951,0.25288221,0.41535211
90.166667,-7.47158623,0.20950265,0.25323045,0.41627747
90.200000,-6.65017939,0.20905320,0.25356621,0.41798308
90.233333,-6.92723370,0.20859560,0.25386187,0.41989115
90.266667,-7.48803568,0.20818301,0.25412011,0.42161343
90.300000,-8.78037548,0.20776334,0.25439554,0.42333871
90.333333,-9.84905720,0.20734806,0.25467223,0.42504722
90.366667,-10.13469124,0.20692587,0.25494710,0.42679182
90.400000,-12.38766003,0.20700523,0.25486729,0.43061063
90.433333,-9.57314301,0.20696214,0.25465083,0.43614292
90.466667,-7.96115255,0.20689751,0.25431895,0.44205242
90.500000,-8.29569054,0.20686547,0.25397313,0.44772103
90.533333,-9.67226028,0.20684275,0.25366703,0.45340928
90.566667,-13.73183537,0.20680146,0.25332314,0.45927784
90.600000,-15.92507267,0.20675176,0.25294685,0.46526623
90.633333,-13.78137684,0.20668903,0.25256097,0.47133213
90.666667,-11.14646530,0.20663022,0.25217748,0.47733587
90.700000,-12.71127319,0.20659296,0.25182948,0.48326024
90.733333,-13.71152020,0.20653243,0.25146258,0.48930407
90.766667,-13.65147972,0.20647149,0.25108343,0.49537376
90.800000,-12.52273464,0.20640838,0.25070745,0.50144649
90.833333,-10.15961266,0.20558342,0.24995430,0.50130564
90.866667,-13.51721573,0.20549300,0.24914549,0.49782315
90.900000,-13.31826210,0.20547122,0.24871124,0.49367133
90.933333,-13.77781391,0.20545851,0.24835673,0.48935261
90.966667,-13.11838341,0.20545247,0.24801381,0.48495260
91.000000,-11.54841709,0.20545387,0.24769066,0.48052564
91.033333,-9.40238857,0.20544729,0.24737318,0.47611719
91.066667,-10.11954021,0.20580773,0.24747278,0.47425798
91.100000,-7.49364614,0.20585535,0.24778260,0.47378656
91.133333,-7.02440882,0.20587774,0.24795066,0.47361133
91.166667,-7.03331757,0.20589454,0.24810283,0.47350442
91.200000,-7.61463261,0.20590228,0.24814039,0.47339460
91.233333,-10.10155869,0.20660676,0.24847974,0.47768608
91.266667,-7.35512352,0.20666166,0.24914755,0.48127627
91.300000,-8.61288261,0.20647390,0.24914430,0.48241046
91.333333,-10.55928516,0.20646797,0.24899845,0.48254344
91.366667,-10.23516178,0.20648332,0.24894294,0.48249790
91.400000,-9.95808601,0.20650080,0.24890620,0.48240691
91.433333,-9.11925411,0.20652033,0.24887455,0.48230299
91.466667,-9.80723000,0.20654038,0.24884377,0.48219544
91.500000,-8.77632332,0.20655902,0.24881451,0.48209077
91.533333,-8.59717083,0.20657660,0.24878587,0.48198894
91.566667,-9.56038094,0.20659567,0.24875589,0.48188499
91.600000,-9.01608372,0.20661522,0.24872555,0.48178059
91.633333,-9.27982044,0.20663309,0.24869646,0.48167962
91.666667,-8.92599869,0.20665191,0.24866690,0.48157695
91.700000,-9.55256176,0.20643024,0.24745722,0.48010677
91.733333,-8.48220730,0.20646255,0.24535498,0.47877833
91.766667,-7.28419781,0.20647976,0.24323949,0.47762382
91.800000,-6.71878052,0.20647654,0.24120168,0.47651511
91.833333,-6.93627405,0.20646314,0.23915429,0.47537115
91.866667,-6.54175997,0.20647366,0.23704173,0.47425142
91.900000,-6.10326672,0.20647222,0.23497599,0.47314677
91.933333,-6.29422045,0.20647208,0.23289050,0.47203061
91.966667,-5.89073896,0.20647788,0.23079205,0.47092047
92.000000,-5.55160284,0.20647362,0.22873901,0.46982169
92.033333,-4.15013647,0.20673224,0.22828405,0.46989465
92.066667,-4.68315554,0.20678298,0.22841549,0.46989501
92.100000,-4.85123491,0.20627405,0.22871199,0.46975407
92.133333,-4.94814253,0.20557195,0.22918536,0.46966162
92.166667,-4.74903679,0.20488249,0.22964968,0.46956772
92.200000,-5.22505331,0.20419550,0.23011042,0.46947309
92.233333,-4.84282637,0.20350467,0.23057477,0.46937779
92.266667,-5.39723587,0.20281565,0.23103762,0.46928272
92.300000,-5.21957302,0.20212413,0.23150238,0.46918568
92.333333,-5.35564423,0.20199104,0.23163408,0.46909490
92.366667,-5.12494278,0.20201541,0.23161167,0.46896788
92.400000,-5.21601820,0.20203039,0.23159602,0.46884432
92.433333,-4.94244909,0.20204552,0.23157933,0.46872270
92.466667,-4.83536673,0.20237127,0.23156242,0.46871114
92.500000,-5.05145264,0.20278409,0.23153722,0.46864060
92.533333,-4.73804760,0.20168826,0.23230408,0.46825826
92.566667,-5.30602264,0.19388029,0.23715757,0.46621746
92.600000,-8.14556980,0.19206566,0.23960230,0.46534377
92.633333,-7.40580940,0.19219609,0.23975100,0.46484643
92.666667,-6.26320505,0.19221348,0.23975860,0.46463716
92.700000,-5.43222666,0.19223157,0.23974593,0.46451473
92.733333,-5.54673672,0.18866913,0.24209791,0.46438423
92.766667,-5.20742655,0.18114175,0.24790271,0.46368241
92.800000,-10.17865467,0.17830233,0.25100458,0.46321946
92.833333,-11.45435333,0.17799190,0.25154626,0.46278661
92.866667,-10.54403019,0.17804012,0.25152913,0.46253493
92.900000,-7.90765238,0.17806427,0.25150758,0.46238178
92.933333,-6.22963047,0.17316248,0.25562379,0.46204358
92.966667,-9.76775551,0.16533445,0.26200274,0.46064058
93.000000,-13.57350349,0.16323085,0.26635611,0.46008307
93.033333,-12.27681065,0.16299815,0.26727512,0.45917726
93.066667,-10.09333229,0.16305190,0.26728487,0.45872992
93.100000,-9.85521793,0.16309141,0.26726317,0.45851150
93.133333,-9.16433239,0.16312948,0.26722267,0.45834181
93.166667,-9.50062943,0.16317153,0.26722002,0.45819297
93.200000,-7.62877417,0.15856408,0.27053276,0.45769429
93.233333,-7.33278131,0.15250646,0.27552852,0.45680207
93.266667,-10.17110348,0.15002628,0.27800420,0.45602274
93.300000,-9.59115219,0.14975764,0.27841231,0.45552975
93.333333,-8.46917343,0.14981431,0.27839392,0.45525494
93.366667,-9.23212433,0.14984980,0.27836385,0.45507997
93.400000,-10.26066399,0.14988464,0.27832317,0.45492819
93.433333,-11.99038315,0.14991792,0.27827775,0.45478889
93.466667,-13.22727871,0.14994568,0.27822945,0.45467362
93.500000,-14.55549431,0.14997107,0.27817571,0.45457292
93.533333,-12.84830284,0.14866531,0.27760923,0.44909739
93.566667,-14.74925995,0.14739224,0.27735090,0.44003442
93.600000,-12.98667145,0.14611073,0.27729768,0.43030715
93.633333,-10.77684212,0.14487125,0.27733853,0.42052969
93.666667,-8.57287598,0.14364721,0.27742857,0.41094476
93.700000,-7.84292936,0.14245972,0.27753901,0.40135595
93.733333,-5.48395205,0.14131454,0.27762070,0.39250234
93.766667,-6.61082077,0.14013647,0.27770427,0.38312125
93.800000,-5.58141994,0.13892418,0.27776518,0.37375033
93.833333,-4.77139616,0.13773593,0.27780163,0.36451989
93.866667,-11.08296585,0.13755220,0.27833921,0.36005703
93.900000,-4.88463974,0.13751815,0.27881232,0.35925588
93.933333,-3.83304572,0.13751231,0.27906010,0.35901779
93.966667,-3.74621582,0.13751251,0.27927196,0.35890955
94.000000,-7.49752092,0.13755202,0.28023756,0.36261111
94.033333,-2.41400599,0.13751154,0.28132772,0.36923718
94.066667,-1.32590032,0.13750112,0.28232017,0.37639812
94.100000,2.00138545,0.13737082,0.28234679,0.37998211
94.133333,-2.36248612,0.13740391,0.28218853,0.38070568
94.166667,-3.51489711,0.13741586,0.28214592,0.38085064
94.200000,-5.48243856,0.13747016,0.28272074,0.38349575
94.233333,-2.72437048,0.13739140,0.28341061,0.38805425
94.266667,-3.14146590,0.13738763,0.28404877,0.39392018
94.300000,-1.45405459,0.13737929,0.28461620,0.40067464
94.333333,-2.22242570,0.13737977,0.28514177,0.40756768
94.366667,-3.01546502,0.13735545,0.28537473,0.41453594
94.400000,-3.35531974,0.13732935,0.28531656,0.42089319
94.433333,-6.34828568,0.13736786,0.28529948,0.42639399
94.466667,-7.48805046,0.13739964,0.28533873,0.43187401
94.500000,-8.09542942,0.13733369,0.28519666,0.43598208
94.533333,-10.58181953,0.13736823,0.28507856,0.43905202
94.566667,-9.70955181,0.13739862,0.28493515,0.44147381
94.600000,-9.98056316,0.13743919,0.28491026,0.44390181
94.633333,-10.88625336,0.13746831,0.28488287,0.44652450
94.666667,-10.45926189,0.13750036,0.28483775,0.44914961
94.700000,-11.24688721,0.13749844,0.28479052,0.45151156
94.733333,-10.82408619,0.13746145,0.28459415,0.45240119
94.766667,-12.32759953,0.13749188,0.28447318,0.45245516
94.800000,-11.06533337,0.13752204,0.28441167,0.45236519
94.833333,-10.86952877,0.13755180,0.28436309,0.45224109
94.866667,-11.16524124,0.13757686,0.28432176,0.45212004
94.900000,-11.05861950,0.13760269,0.28427777,0.45200607
94.933333,-10.93766308,0.13762969,0.28423324,0.45188740
94.966667,-10.13222980,0.13794526,0.28526416,0.45454615
95.000000,-10.15601635,0.13792874,0.28612101,0.45868501
95.033333,-14.36278343,0.13794237,0.28633955,0.46321037
95.066667,-17.14694214,0.13788374,0.28641668,0.46797371
95.100000,-17.00422668,0.13796060,0.28632495,0.47365141
95.133333,-16.89176369,0.13800387,0.28604054,0.48022562
95.166667,-13.88596439,0.13777359,0.28542486,0.48309141
95.200000,-24.80533409,0.13780606,0.28519318,0.48328796
95.233333,-26.23259163,0.13784721,0.28508326,0.48319215
95.266667,-19.81819916,0.13715690,0.28513595,0.48297477
95.300000,-19.08321381,0.13625780,0.28531468,0.48280850
95.333333,-13.93150902,0.13620560,0.28672639,0.48206598
95.366667,-14.42005253,0.13624106,0.28864816,0.48036215
95.400000,-15.49322033,0.13635336,0.28932968,0.47908166
95.433333,-11.60924244,0.13955647,0.28879514,0.47786757
95.466667,-9.23052120,0.14535123,0.28590071,0.47435838
95.500000,-8.88739681,0.15301336,0.28082299,0.46879798
95.533333,-6.40600586,0.15969223,0.27849311,0.46459255
95.566667,-9.09187126,0.16096866,0.27831623,0.46217355
95.600000,-6.63668537,0.16092436,0.27850315,0.46161231
95.633333,-5.74213839,0.16094166,0.27853119,0.46140495
95.666667,-5.03737020,0.16095129,0.27853081,0.46129093
95.700000,-4.82395267,0.16131620,0.27851713,0.46113363
95.733333,-2.37855744,0.16331217,0.27926618,0.46081600
95.766667,-3.91157722,0.16560701,0.28035483,0.45964435
95.800000,-3.68931484,0.16787554,0.28150821,0.45826116
95.833333,-4.22663307,0.17085008,0.28237656,0.45703799
95.866667,-3.72710443,0.17406484,0.28302243,0.45591038
95.900000,-5.69726849,0.17468975,0.28318444,0.45466954
95.933333,-4.62678051,0.17467014,0.28327420,0.45427647
95.966667,-3.97920561,0.17468148,0.28329191,0.45412013
96.000000,-3.95339108,0.17494865,0.28329852,0.45406178
96.033333,-3.75509501,0.17526907,0.28328839,0.45399004
96.066667,-4.00233078,0.17558722,0.28327957,0.45391366
96.100000,-3.98968363,0.17590538,0.28327098,0.45383653
96.133333,-3.78744650,0.17622329,0.28326279,0.45375901
96.166667,-2.42345595,0.17666300,0.28266719,0.45250219
96.200000,-4.40630007,0.17745154,0.28172526,0.45063671
96.233333,-4.72348976,0.17823125,0.28083163,0.44869348
96.266667,-4.67663527,0.17900567,0.27994946,0.44674024
96.300000,-3.76423097,0.17977759,0.27907097,0.44478786
96.333333,-2.89323163,0.18057363,0.27817321,0.44278720
96.366667,-4.02405405,0.18097855,0.27787468,0.44186565
96.400000,-2.73879528,0.18097435,0.27793562,0.44164240
96.433333,-2.35568738,0.18098484,0.27793661,0.44152889
96.466667,-1.83646727,0.18098697,0.27793825,0.44144982
96.500000,-1.65914166,0.18117721,0.27789232,0.44136778
96.533333,1.25851595,0.18811804,0.27455732,0.43945834
96.566667,-1.84650576,0.19405450,0.27264401,0.43703622
96.600000,-2.92902517,0.19636169,0.27256539,0.43541524
96.633333,-2.24330449,0.19812177,0.27260303,0.43478280
96.666667,-1.21013641,0.20131603,0.27201426,0.43468133
96.700000,0.04792232,0.20902464,0.26898831,0.43415293
96.733333,-0.78684568,0.21701141,0.26576442,0.43343806
96.766667,-2.82239985,0.21866167,0.26468158,0.43246815
96.800000,-1.80384326,0.21860993,0.26473752,0.43221691
96.833333,-1.52402222,0.21868648,0.26475498,0.43212155
96.866667,-1.43811703,0.21877407,0.26475805,0.43204740
96.900000,-1.38672590,0.21879169,0.26475659,0.43196478
96.933333,-1.49042380,0.21879308,0.26475900,0.43189368
96.966667,-1.51266992,0.21879509,0.26476043,0.43182647
97.000000,-1.52569258,0.21879695,0.26476124,0.43176013
97.033333,-1.37457919,0.21879870,0.26476228,0.43169463
97.066667,2.94258738,0.22207251,0.26702210,0.43097287
97.100000,-2.05085468,0.22475429,0.26910499,0.42833602
97.133333,-0.43940964,0.22877994,0.27223897,0.42667040
97.166667,2.01824713,0.23601130,0.27677274,0.42494318
97.200000,-4.91769838,0.23904076,0.27946472,0.42120636
97.233333,-5.32276964,0.23923884,0.28019458,0.41888830
97.266667,-2.49980712,0.23924448,0.28032780,0.41822124
97.300000,-1.61780488,0.23929681,0.28036973,0.41801840
97.333333,-1.54398370,0.23935601,0.28037989,0.41791350
97.366667,-1.32641816,0.23941456,0.28038388,0.41783577
97.400000,-1.57067311,0.23947276,0.28038582,0.41776505
97.433333,-1.29388595,0.23953065,0.28038728,0.41769761
97.466667,3.07341146,0.24393517,0.28315863,0.41770646
97.500000,-0.65776801,0.24837299,0.28597564,0.41545132
97.533333,-4.04540730,0.25114101,0.28803629,0.41348180
97.566667,-1.86939037,0.25336185,0.29001093,0.41287795
97.600000,-3.15162396,0.25363868,0.29051000,0.41196617
97.633333,-2.09805465,0.25363085,0.29055455,0.41162801
97.666667,-1.78139591,0.25363553,0.29056907,0.41150376
97.700000,-1.70249021,0.25363758,0.29057199,0.41142386
97.733333,-1.68176091,0.25365004,0.29056484,0.41134849
97.766667,-1.68891609,0.25364161,0.29057243,0.41128683
97.800000,-0.18314160,0.25501379,0.29198328,0.41174725
97.833333,2.32008219,0.25837192,0.29514521,0.41128480
97.866667,-0.45652413,0.26214778,0.29873121,0.40918887
97.900000,-1.11664605,0.26650402,0.30267051,0.40697283
97.933333,-1.36184180,0.27097341,0.30664167,0.40470827
97.966667,-1.80746543,0.27548662,0.31067920,0.40228897
98.000000,-6.44822979,0.27599105,0.31168735,0.39931738
98.033333,-2.56935835,0.27603859,0.31222963,0.39841807
98.066667,-2.21660042,0.27597430,0.31245130,0.39803916
98.100000,-1.71241534,0.27602232,0.31273940,0.39794016
98.133333,-1.30202794,0.27578714,0.31346121,0.39791965
98.166667,-0.81703627,0.27525091,0.31507975,0.39802572
98.200000,-1.05732560,0.27211529,0.31790432,0.39751807
98.233333,-2.78215694,0.27074268,0.31945011,0.39707613
98.266667,-2.10126352,0.27068472,0.31957459,0.39680719
98.300000,-1.87717998,0.27068317,0.31959075,0.39666834
98.333333,-1.48779237,0.27066499,0.31956425,0.39633405
98.366667,-1.81009436,0.27066430,0.31954509,0.39579213
98.400000,-2.24629927,0.27127218,0.31928107,0.39547259
98.433333,-0.96637124,0.27541545,0.31614462,0.39434129
98.466667,-1.85749066,0.28010049,0.31093860,0.39179686
98.500000,-2.54475760,0.28187114,0.30896711,0.39049947
98.533333,-1.91043234,0.28196838,0.30889541,0.39021611
98.566667,-1.23039162,0.28197429,0.30890015,0.39008805
98.600000,-1.75602925,0.28197533,0.30890301,0.38999957
98.633333,-1.81069601,0.28197706,0.30890352,0.38991815
98.666667,-1.63412690,0.28254983,0.30858803,0.38984433
98.700000,0.84100181,0.28710806,0.30834913,0.38945490
98.733333,-1.47814667,0.29294682,0.30761144,0.38750085
98.766667,-4.45773792,0.29438853,0.30687314,0.38533187
98.800000,-2.40359735,0.29443020,0.30688506,0.38464171
98.833333,-2.00319624,0.29443789,0.30691326,0.38440162
98.866667,-1.81746054,0.29443917,0.30692190,0.38427565
98.900000,0.11124062,0.29432890,0.30681568,0.38303536
98.933333,-2.60067320,0.29442343,0.30683926,0.38188547
98.966667,-0.93573409,0.29454750,0.30764171,0.38147429
99.000000,0.70325631,0.29488149,0.31045794,0.38061202
99.033333,0.89119059,0.29530123,0.31604010,0.37839225
99.066667,-0.22638197,0.29572022,0.32386822,0.37489575
99.100000,-4.85653782,0.29611397,0.33139867,0.37118778
99.133333,-6.98348808,0.29518107,0.33372188,0.36802331
99.166667,-3.01586461,0.29501995,0.33401120,0.36684057
99.200000,-1.89705873,0.29500878,0.33407617,0.36644220
99.233333,-1.52169681,0.29500669,0.33409184,0.36626253
99.266667,-1.29803443,0.29504988,0.33410236,0.36615944
99.300000,-1.25792313,0.29516405,0.33419269,0.36613709
99.333333,-2.54103875,0.29553249,0.33278731,0.36609703
99.366667,-2.67668295,0.29656574,0.33110821,0.36756730
99.400000,-1.06745458,0.29770002,0.33031535,0.37057039
99.433333,0.60693806,0.29777047,0.33013198,0.37308201
99.466667,0.30241254,0.29773143,0.33000499,0.37415048
99.500000,-1.38471913,0.29789659,0.33053634,0.37494966
99.533333,-3.59677219,0.29941988,0.33243740,0.37819982
99.566667,-2.31937981,0.30050108,0.33416730,0.38349304
99.600000,1.50291276,0.30043617,0.33516666,0.38778028
99.633333,1.16001785,0.30010083,0.33532575,0.38955128
99.666667,-0.46695369,0.30005917,0.33525211,0.39002165
99.700000,-1.03697169,0.30009106,0.33535099,0.39015272
99.733333,-2.31651306,0.29926884,0.33532244,0.39037895
99.766667,-1.70328689,0.29749614,0.33336478,0.39013636
99.800000,-1.94021142,0.29593760,0.32983458,0.38970691
99.833333,-1.07024455,0.29483071,0.32701325,0.38962516
99.866667,-0.17039755,0.29449874,0.32617131,0.39003503
99.900000,-0.97627956,0.29436466,0.32610628,0.39021793
99.933333,-1.34983933,0.29435265,0.32611874,0.39035976
99.966667,-3.29271030,0.29555160,0.32677940,0.39244756
100.000000,-1.33290792,0.29678312,0.32750031,0.39600158
100.033333,-0.28551716,0.29909441,0.32892448,0.40080330
100.066667,-0.16823739,0.30122805,0.33047381,0.40577427
100.100000,2.09674454,0.30141219,0.33124107,0.40808621
100.133333,-0.50587618,0.30112314,0.33153361,0.40851235
100.166667,-0.91497201,0.30113450,0.33170253,0.40861169
100.200000,-1.09347808,0.30122629,0.33229235,0.40870222
100.233333,0.91822392,0.29745623,0.33664623,0.40783492
100.266667,-0.82637852,0.29023361,0.34361747,0.40563488
100.300000,-4.40814066,0.28666201,0.34808040,0.40413231
100.333333,-2.65375471,0.28578845,0.34914955,0.40341243
100.366667,-0.40911421,0.28343517,0.35152325,0.40268978
100.400000,-2.37637258,0.28198093,0.35391447,0.40210867
100.433333,-1.49390006,0.27635002,0.35669190,0.40063283
100.466667,-1.96694696,0.26882663,0.36095798,0.39934236
100.500000,-2.70922112,0.26636797,0.36319029,0.39893469
100.533333,-2.15553570,0.26620737,0.36343053,0.39864042
100.566667,-2.03086257,0.26619580,0.36345932,0.39847139
100.600000,-1.28258836,0.26619902,0.36346486,0.39835486
100.633333,-1.37978113,0.26620197,0.36346701,0.39825538
100.666667,-1.33490813,0.26620629,0.36346692,0.39816165
100.700000,-3.54935360,0.26161256,0.35866323,0.39523596
100.733333,-2.64424324,0.25678700,0.35274085,0.39272004
100.766667,-1.95285237,0.25206870,0.34678870,0.39055306
100.800000,-1.94220603,0.24732241,0.34077808,0.38846242
100.833333,-1.84663594,0.24263178,0.33489171,0.38638732
100.866667,-2.15110612,0.23791230,0.32900870,0.38426682
100.900000,-1.92163658,0.23322736,0.32313767,0.38217962
100.933333,-2.35011458,0.22853124,0.31733945,0.38003939
100.966667,-1.57298100,0.22382770,0.31149524,0.37790704
101.000000,-1.87332308,0.21907675,0.30554369,0.37578326
101.033333,-41.30894852,0.21414237,0.30271414,0.37634394
101.066667,-42.43443680,0.20870307,0.30009750,0.37778136
101.100000,-54.26572037,0.20335610,0.29756185,0.37913707
101.133333,-57.01850510,0.19794042,0.29512849,0.38036859
101.166667,-7.31754208,0.19841126,0.29392940,0.38133347
101.200000,-10.60738659,0.19845982,0.29354307,0.38139567
101.233333,-4.39914703,0.19833983,0.29331204,0.38145155
101.266667,-4.56903839,0.19824679,0.29310066,0.38146317
101.300000,-4.61795807,0.19815385,0.29289046,0.38147104
101.333333,-4.51696205,0.19806094,0.29268011,0.38147917
101.366667,-4.48975039,0.19796811,0.29247010,0.38148761
101.400000,-1.24200392,0.19795693,0.29242778,0.38142356
101.433333,-1.36040008,0.19794758,0.29244101,0.38125110
101.466667,-1.24002349,0.19793236,0.29246277,0.38106203
101.500000,1.94906366,0.19689468,0.29215077,0.37755597
101.533333,-3.65555429,0.19577456,0.29205483,0.37135702
101.566667,0.64441556,0.19435957,0.29199013,0.36380824
101.600000,4.60700369,0.19330747,0.29146323,0.35870028
101.633333,-2.88835883,0.19197662,0.29125601,0.35065803
101.666667,-1.29455996,0.19043136,0.29199475,0.34330285
101.700000,-1.47737837,0.18889619,0.29239762,0.33556655
101.733333,-2.26165581,0.18730016,0.29276335,0.32766220
101.766667,82.19367218,0.18639062,0.29193580,0.32419351
101.800000,107.77610016,0.18564117,0.28968120,0.32284865
101.833333,109.45863342,0.18487020,0.28741121,0.32146329
101.866667,110.32841492,0.18409568,0.28516430,0.32004252
101.900000,112.56874084,0.18331599,0.28291947,0.31857213
101.933333,111.76580048,0.18252963,0.28069267,0.31707454
101.966667,113.95690155,0.18174507,0.27848119,0.31552377
102.000000,115.11088562,0.18096076,0.27630213,0.31394067
102.033333,101.15913391,0.18158098,0.27416828,0.31283265
102.066667,-5.08593941,0.18162914,0.27379060,0.31478950
102.100000,-1.51212013,0.18150644,0.27385297,0.32014501
102.133333,-0.07289411,0.18140481,0.27320221,0.32572246
102.166667,0.43770632,0.18138799,0.27230629,0.33124703
102.200000,0.26444036,0.18137567,0.27141780,0.33681518
102.233333,0.02380098,0.18134069,0.27056807,0.34263760
102.266667,1.24903679,0.18277790,0.26959419,0.34839931
102.300000,-2.45597982,0.18419851,0.26915506,0.35385320
102.333333,-1.19651043,0.18565252,0.26888895,0.35880670
102.366667,-0.89079678,0.18734801,0.26864526,0.36300814
102.400000,-2.97294092,0.18913248,0.26866251,0.36682487
102.433333,-1.40289164,0.19063684,0.26915106,0.37041968
102.466667,-0.08305981,0.19111983,0.26936200,0.37297446
102.500000,-0.07753661,0.19159728,0.26927352,0.37446705
102.533333,-13.49732208,0.19210632,0.26922414,0.37535655
102.566667,-3.32871532,0.19241038,0.26962259,0.37589461
102.600000,-6.61390448,0.19272129,0.27001387,0.37634492
102.633333,-1.69500172,0.19288620,0.27042931,0.37660322
102.666667,-1.36200178,0.19296925,0.27106974,0.37712151
102.700000,-5.59908915,0.19435193,0.27235681,0.38014492
102.733333,-2.01576138,0.19610944,0.27325207,0.38490841
102.766667,0.07751586,0.19860661,0.27305046,0.39006650
102.800000,-0.25568247,0.20126249,0.27267733,0.39521089
102.833333,0.05330787,0.20389672,0.27231407,0.40031639
102.866667,-0.01043967,0.20652506,0.27195281,0.40541539
102.900000,0.00615133,0.20914949,0.27159545,0.41050854
102.933333,1.94226503,0.20957009,0.27104017,0.41276693
102.966667,-0.72921920,0.20954977,0.27089572,0.41318259
103.000000,-1.40391517,0.20955439,0.27086407,0.41322312
103.033333,-1.46088457,0.20955707,0.27085391,0.41316944
103.066667,-1.65074313,0.20956075,0.27084893,0.41309464
103.100000,-1.62073123,0.20956466,0.27084467,0.41301513
103.133333,-1.53788435,0.20956837,0.27084079,0.41293442
103.166667,-0.89969367,0.20966187,0.27069560,0.41218945
103.200000,-2.77204227,0.21142450,0.26867184,0.41109675
103.233333,-1.56637883,0.21389723,0.26567450,0.41032651
103.266667,-1.21108985,0.21634664,0.26266041,0.40970957
103.300000,-1.14636588,0.21879441,0.25963533,0.40912843
103.333333,-0.74388540,0.22086591,0.25788543,0.40894470
103.366667,-1.35864651,0.22258516,0.25673288,0.40877411
103.400000,-1.24654961,0.22430548,0.25557914,0.40854877
103.433333,-1.32087350,0.22473605,0.25515047,0.40829059
103.466667,-1.59944081,0.22472388,0.25515333,0.40811244
103.500000,-1.31263268,0.22472617,0.25515163,0.40792927
103.533333,-1.35236990,0.22472763,0.25514957,0.40774715
103.566667,-1.37681305,0.22472914,0.25514817,0.40756422
103.600000,-1.35624480,0.22473058,0.25514627,0.40738216
103.633333,-1.37241340,0.22473226,0.25514480,0.40719679
103.666667,-1.35629535,0.22473362,0.25514337,0.40701202
103.700000,-1.36650193,0.22473553,0.25514209,0.40682438
103.733333,-1.37306225,0.22473729,0.25514066,0.40663740
103.766667,-1.37125456,0.22473899,0.25513935,0.40645072
103.800000,-1.34654868,0.22474062,0.25513765,0.40626454
103.833333,-1.36176300,0.22474243,0.25513619,0.40607649
103.866667,-1.37292516,0.22474393,0.25513437,0.40589148
103.900000,-1.36054826,0.22474566,0.25513259,0.40570414
103.933333,-1.36211991,0.22474743,0.25513110,0.40551597
103.966667,-1.36281693,0.22474913,0.25512949,0.40532789
104.000000,-1.37147784,0.22475089,0.25512770,0.40513980
104.033333,-1.35670638,0.22475265,0.25512612,0.40495279
104.066667,-1.42155886,0.22475764,0.25513014,0.40482107
104.100000,-0.64843506,0.22863200,0.24961331,0.40212423
104.133333,-1.38316464,0.23374450,0.24250074,0.39821976
104.166667,-1.59926319,0.23851755,0.23586223,0.39428023
104.200000,-1.99277544,0.24323618,0.22925952,0.39029190
104.233333,-1.67678678,0.24504867,0.22846642,0.38868943
104.266667,-1.39507687,0.24540527,0.23004493,0.38799179
104.300000,3.19914460,0.24816005,0.23519272,0.38718599
104.333333,-2.53923488,0.25064978,0.24141178,0.38437679
104.366667,-6.03919411,0.25189218,0.24541305,0.38194680
104.400000,-3.88601756,0.25183937,0.24683467,0.38067657
104.433333,-1.30867028,0.25220972,0.24860007,0.38020900
104.466667,-0.19063441,0.25276637,0.25220916,0.37934116
104.500000,0.16623147,0.25393400,0.25742838,0.37756139
104.533333,-2.80827236,0.25506499,0.26247680,0.37517345
104.566667,-4.91073275,0.25557739,0.26577589,0.37317994
104.600000,-3.29860377,0.25549752,0.26723036,0.37213132
104.633333,-2.50195599,0.25539011,0.26767293,0.37166175
104.666667,-1.26143563,0.25553575,0.26873821,0.37166905
104.700000,0.71661830,0.25637221,0.27213234,0.37125778
104.733333,-2.35483313,0.25674045,0.27663928,0.36981058
104.766667,-4.19268227,0.25674748,0.27967843,0.36854085
104.800000,-3.39923835,0.25650686,0.28038546,0.36771119
104.833333,-1.89918721,0.25648421,0.28042075,0.36738604
104.866667,-1.77069294,0.25648454,0.28042683,0.36724693
104.900000,-0.71354133,0.25647300,0.28047353,0.36642632
104.933333,-1.50396037,0.25647789,0.28059825,0.36488196
104.966667,-1.77835774,0.25647885,0.28075200,0.36316949
105.000000,1.06458294,0.25609902,0.28040653,0.35917801
105.033333,-1.09665394,0.25597876,0.27993235,0.35346892
105.066667,-1.83297837,0.25587770,0.27950302,0.34726986
105.100000,-2.46450567,0.25560397,0.27918527,0.34091741
105.133333,-0.99869281,0.25545740,0.27882248,0.33486998
105.166667,-1.35095215,0.25535408,0.27840590,0.32892567
105.200000,-1.92108727,0.25525460,0.27800211,0.32280093
105.233333,-2.40546465,0.25515515,0.27760646,0.31646398
105.266667,-1.32739460,0.25499949,0.27715957,0.30940765
105.300000,-2.59886646,0.25484794,0.27669951,0.30181503
105.333333,-1.62691200,0.25469947,0.27626052,0.29477215
105.366667,0.18324405,0.25457057,0.27582788,0.28827828
105.400000,1.89806604,0.25476250,0.27530420,0.28145477
105.433333,80.46447754,0.25455961,0.27429941,0.27758148
105.466667,98.23812103,0.25416878,0.27286991,0.27654612
105.500000,102.05222321,0.25432643,0.27159017,0.27558571
105.533333,102.05071259,0.25457704,0.27032626,0.27460724
105.566667,101.58322906,0.25483513,0.26904240,0.27357823
105.600000,101.26544189,0.25509593,0.26775849,0.27252015
105.633333,101.37424469,0.25535986,0.26646957,0.27142254
105.666667,-1.92050242,0.25598314,0.26652756,0.27156267
105.700000,-3.99360943,0.25338891,0.26704806,0.27336389
105.733333,-6.22675514,0.25155476,0.26710296,0.27751610
105.766667,-5.10585213,0.25222793,0.26563400,0.28331795
105.800000,-1.87804449,0.25362048,0.26337531,0.29050210
105.833333,-1.10394561,0.25481853,0.26166964,0.29826656
105.866667,0.34146604,0.25592220,0.26012850,0.30675712
105.900000,0.73400390,0.25745785,0.25842708,0.31569678
105.933333,1.33125305,0.25886932,0.25686762,0.32454574
105.966667,1.47547615,0.26150209,0.25576919,0.33302572
106.000000,0.89164048,0.26469961,0.25467038,0.34079355
106.033333,0.53565067,0.26794702,0.25355229,0.34825620
106.066667,0.65151328,0.27102536,0.25238588,0.35548472
106.100000,3.35517836,0.27179807,0.25148842,0.35996333
106.133333,1.34675241,0.27183318,0.25127736,0.36149210
106.166667,-0.61117369,0.27341712,0.25151777,0.36193544
106.200000,-1.13728356,0.27540088,0.25162324,0.36194173
106.233333,-1.25976992,0.27916169,0.25068459,0.36189839
106.266667,-1.17974758,0.28372312,0.24886677,0.36158013
106.300000,-1.38959372,0.28836429,0.24700557,0.36124292
106.333333,-1.35200715,0.29308465,0.24534868,0.36092630
106.366667,-1.68217361,0.29684749,0.24422392,0.36061952
106.400000,-1.26506352,0.29767585,0.24395616,0.36013857
106.433333,1.24075973,0.29632896,0.24677369,0.35904267
106.466667,0.26961896,0.29109636,0.25298697,0.35595527
106.500000,-1.72776937,0.28448412,0.26076671,0.35156950
106.533333,-2.64669299,0.27780813,0.26873386,0.34671247
106.566667,-4.21347952,0.27110901,0.27685875,0.34223944
106.600000,-2.54300690,0.26423633,0.28437513,0.33863598
106.633333,-6.16362810,0.26141423,0.28729311,0.33645231
106.666667,-2.37054634,0.26121709,0.28749284,0.33580589
106.700000,-1.70637667,0.26121145,0.28750592,0.33560568
106.733333,-1.64685488,0.26125848,0.28772515,0.33554664
106.766667,-1.61351538,0.26126811,0.28803504,0.33548045
106.800000,-1.73775566,0.26127759,0.28833953,0.33540872
106.833333,-1.65601993,0.26128432,0.28865483,0.33532950
106.866667,-2.19440699,0.26189739,0.28855485,0.33553460
106.900000,-6.64442968,0.26191691,0.28795332,0.33853993
106.933333,-2.35286117,0.26182184,0.28709772,0.34425268
106.966667,-0.07187065,0.26210332,0.28623080,0.35126168
107.000000,0.00310244,0.26234609,0.28546032,0.35842404
107.033333,0.42402360,0.26263890,0.28515276,0.36556301
107.066667,-0.23527412,0.26283330,0.28508863,0.37240067
107.100000,-1.43260896,0.26303712,0.28509468,0.37860078
107.133333,-2.02199793,0.26324680,0.28513354,0.38455999
107.166667,-2.80683446,0.26348087,0.28522906,0.39003539
107.200000,-2.95790410,0.26370871,0.28532064,0.39571652
107.233333,-2.72115803,0.26393768,0.28540403,0.40152761
107.266667,-2.21568322,0.26414523,0.28543967,0.40779462
107.300000,-26.10135269,0.23861274,-0.21217076,0.52189624
107.333333,-1.53772104,0.23861752,-0.21219368,0.52187049
107.366667,-2.21566987,0.23863380,-0.21219844,0.52183408
107.400000,-3.47966981,0.23865877,-0.21220165,0.52179646
107.433333,-3.03313375,0.23868285,-0.21220377,0.52177078
107.466667,-2.97935343,0.23870724,-0.21220499,0.52174497
107.500000,-1.53672493,0.23873252,-0.21220553,0.52171725
107.533333,-1.60384786,0.23875912,-0.21220608,0.52168828
107.566667,-2.67175579,0.23878680,-0.21220538,0.52165902
107.600000,-1.68604648,0.23881556,-0.21220495,0.52162713
107.633333,-1.26588237,0.23884489,-0.21220355,0.52159488
107.666667,-1.34430063,0.23887488,-0.21220163,0.52155912
107.700000,-1.84024107,0.23890629,-0.21219915,0.52151763
107.733333,-2.61217713,0.23893817,-0.21219607,0.52147251
107.766667,-3.15980220,0.23897243,-0.21219182,0.52142286
107.800000,-3.49701953,0.23900515,-0.21218725,0.52137804
107.833333,-3.37193274,0.23903683,-0.21218300,0.52133697
107.866667,-4.03227520,0.23907040,-0.21217717,0.52129447
107.900000,-4.12833929,0.23910379,-0.21217082,0.52125430
107.933333,-4.65844393,0.23913893,-0.21216241,0.52121413
107.966667,-6.56033850,0.23917490,-0.21215039,0.52117473
108.000000,-5.16314793,0.23920989,-0.21213475,0.52113980
108.033333,-3.53397202,0.23921956,-0.21209495,0.52110165
108.066667,1.28341210,0.23920649,-0.21203703,0.52106810
108.100000,8.98977852,0.23918408,-0.21195476,0.52104187
108.133333,8.07846928,0.23915963,-0.21187295,0.52101988
108.166667,2.47880220,0.23916596,-0.21180852,0.52100646
108.200000,2.76717949,0.23915903,-0.21180467,0.52099103
108.233333,-1.38858032,0.23915598,-0.21183571,0.52096313
108.266667,5.39412928,0.23914590,-0.21184990,0.52094257
108.300000,5.89478540,0.23913197,-0.21178390,0.52091604
108.333333,3.20876455,0.23912571,-0.21173668,0.52089131
108.366667,-0.36451703,0.23911750,-0.21169493,0.52087164
108.400000,1.27861261,0.23911324,-0.21164225,0.52084577
108.433333,-5.16318321,0.23911045,-0.21159889,0.52082211
108.466667,2.79578614,0.23910911,-0.21153253,0.52079558
108.500000,4.44892025,0.23911223,-0.21145235,0.52077591
108.533333,7.59767532,0.23911487,-0.21137260,0.52075142
108.566667,3.19595361,0.23911667,-0.21130386,0.52072412
108.600000,-1.10842252,0.23912573,-0.21125023,0.52069116
108.633333,-2.60245299,0.23914434,-0.21120737,0.52066213
108.666667,-3.57132077,0.23914948,-0.21115479,0.52062738
108.700000,-4.11389065,0.23915261,-0.21110032,0.52058619
108.733333,-4.65258932,0.23915404,-0.21104790,0.52053922
108.766667,-3.78744936,0.23916560,-0.21099626,0.52049661
108.800000,-2.63242817,0.23918174,-0.21095356,0.52045798
108.833333,-0.02276698,0.23920324,-0.21092230,0.52042115
108.866667,2.05869842,0.23924105,-0.21088557,0.52039969
108.900000,0.05179793,0.23928177,-0.21082641,0.52038455
108.933333,-1.36563647,0.23932119,-0.21075685,0.52036554
108.966667,-1.75987291,0.23935714,-0.21068285,0.52034229
109.000000,-1.87306869,0.23938982,-0.21060675,0.52031785
109.033333,-2.97892666,0.23942034,-0.21052913,0.52029091
109.066667,-2.77376056,0.23944895,-0.21044904,0.52026266
109.100000,-6.29967260,0.23947527,-0.21036601,0.52023363
109.133333,-6.11130047,0.23950037,-0.21027713,0.52020299
109.166667,-6.33415937,0.23952441,-0.21018013,0.52017105
109.200000,-11.23559093,0.23954761,-0.21007282,0.52013594
109.233333,-20.93253136,0.23956981,-0.20995566,0.52008897
109.266667,-26.83389854,0.23959146,-0.20984890,0.52002621
109.300000,-29.27511215,0.23961276,-0.20976588,0.51995546
109.333333,-28.21211243,0.23963165,-0.20970573,0.51988536
109.366667,-25.66736603,0.23965184,-0.20966430,0.51981622
109.400000,-22.03529930,0.23967530,-0.20963649,0.51974583
109.433333,-18.62977028,0.23970023,-0.20961773,0.51967800
109.466667,-15.74076462,0.23972680,-0.20960416,0.51961094
109.500000,-13.37953758,0.23975411,-0.20959406,0.51954478
109.533333,-11.40790939,0.23978186,-0.20958580,0.51948023
109.566667,-10.02237511,0.23981041,-0.20957887,0.51941568
109.600000,-9.00591183,0.23983963,-0.20957290,0.51935363
109.633333,-8.57886791,0.23986213,-0.20956981,0.51931041
109.666667,-8.49436474,0.23988856,-0.20956521,0.51926178
109.700000,-8.07635975,0.23991804,-0.20955846,0.51920694
109.733333,-7.70843172,0.23994803,-0.20955160,0.51915139
109.766667,-7.39038086,0.23997742,-0.20954455,0.51909578
109.800000,-7.17324638,0.24000637,-0.20953783,0.51904029
109.833333,-6.80028009,0.24003474,-0.20953083,0.51898611
109.866667,-6.47869492,0.24006243,-0.20952427,0.51893264
109.900000,-6.23640108,0.24008977,-0.20951821,0.51887971
109.933333,-6.08084679,0.24011645,-0.20951223,0.51882857
109.966667,-5.94289255,0.24014269,-0.20950675,0.51877862
110.000000,-5.88770151,0.24016768,-0.20950198,0.51873130
110.033333,-5.81521893,0.24019322,-0.20949692,0.51868361
110.066667,-5.84191656,0.24021816,-0.20949203,0.51863712
110.100000,-5.81936359,0.24024284,-0.20948718,0.51859093
110.133333,-5.86771774,0.24026765,-0.20948210,0.51854438
110.166667,-5.87476873,0.24029225,-0.20947707,0.51849824
110.200000,-5.84596395,0.24031591,-0.20947230,0.51845312
110.233333,-5.82926369,0.24033953,-0.20946759,0.51840883
110.266667,-5.85051107,0.24036261,-0.20946288,0.51836526
110.300000,-5.84545088,0.24038565,-0.20945826,0.51832187
110.333333,-5.85204411,0.24040917,-0.20945361,0.51827711
110.366667,-5.85326862,0.24043278,-0.20944870,0.51823235
110.400000,-5.86646414,0.24045621,-0.20944399,0.51818758
110.433333,-5.89644384,0.24048045,-0.20943898,0.51814210
110.466667,-5.89759827,0.24050577,-0.20943385,0.51809335
110.500000,-5.90703726,0.24053134,-0.20942830,0.51804429
110.533333,-5.91148663,0.24055690,-0.20942287,0.51799524
110.566667,-5.91352701,0.24058217,-0.20941748,0.51794696
110.600000,-5.90362501,0.24060784,-0.20941189,0.51789737
110.633333,-5.87086439,0.24063404,-0.20940645,0.51784652
110.666667,-5.83529234,0.24066041,-0.20940064,0.51779604
110.700000,-5.81990433,0.24068648,-0.20939510,0.51774561
110.733333,-5.81160450,0.24071258,-0.20938952,0.51769495
110.766667,-5.81481934,0.24073850,-0.20938392,0.51764476
110.800000,-5.81818676,0.24076465,-0.20937818,0.51759434
110.833333,-5.83082533,0.24079056,-0.20937246,0.51754391
110.866667,-5.83207035,0.24081665,-0.20936689,0.51749349
110.900000,-5.84183550,0.24084273,-0.20936128,0.51744306
110.933333,-5.85137701,0.24086884,-0.20935559,0.51739240
110.966667,-5.86344528,0.24089487,-0.20934990,0.51734167
111.000000,-5.87638712,0.24092099,-0.20934418,0.51729119
111.033333,-5.88877916,0.24094702,-0.20933856,0.51724052
111.066667,-5.90008259,0.24097317,-0.20933281,0.51719004
111.100000,-5.90765762,0.24099946,-0.20932704,0.51713914
111.133333,-5.92031574,0.24102566,-0.20932135,0.51708871
111.166667,-5.93066025,0.24105217,-0.20931563,0.51703763
111.200000,-5.94114590,0.24107847,-0.20930973,0.51698685
111.233333,-5.94645166,0.24110486,-0.20930398,0.51693618
111.266667,-5.95319223,0.24113137,-0.20929806,0.51688498
111.300000,-5.95461607,0.24115783,-0.20929232,0.51683402
111.333333,-5.95398617,0.24118432,-0.20928644,0.51678288
111.366667,-5.95962286,0.24121082,-0.20928071,0.51673204
111.400000,-5.95122051,0.24123730,-0.20927480,0.51668096
111.433333,-5.95213079,0.24126355,-0.20926914,0.51663005
111.466667,-5.95068502,0.24129023,-0.20926335,0.51657891
111.500000,-5.94505024,0.24131654,-0.20925759,0.51652807
111.533333,-5.94158363,0.24134324,-0.20925158,0.51647711
111.566667,-5.93775988,0.24136956,-0.20924585,0.51642621
111.600000,-5.93387842,0.24139600,-0.20924000,0.51637536
111.633333,-5.93025589,0.24142249,-0.20923427,0.51632428
111.666667,-5.92686319,0.24144891,-0.20922837,0.51627332
111.700000,-5.92292690,0.24147549,-0.20922261,0.51622224
111.733333,-5.91902781,0.24150181,-0.20921685,0.51617134
111.766667,-5.91535044,0.24152814,-0.20921105,0.51612031
111.800000,-5.91119862,0.24155466,-0.20920531,0.51606941
111.833333,-5.90716171,0.24158110,-0.20919955,0.51601827
111.866667,-5.90334892,0.24160746,-0.20919372,0.51596719
111.900000,-5.89914322,0.24163391,-0.20918790,0.51591635
111.933333,-5.89506006,0.24166036,-0.20918231,0.51586521
111.966667,-5.89077377,0.24168676,-0.20917647,0.51581424
112.000000,-5.88815022,0.24171314,-0.20917082,0.51576310
112.033333,-5.88332176,0.24173939,-0.20916508,0.51571220
112.066667,-5.87992954,0.24176595,-0.20915936,0.51566124
112.100000,-5.87600899,0.24179231,-0.20915368,0.51561010
112.133333,-5.87254477,0.24181874,-0.20914799,0.51555920
112.166667,-5.86947060,0.24184513,-0.20914234,0.51550800
112.200000,-5.86557674,0.24187140,-0.20913652,0.51545715
112.233333,-5.86206532,0.24189791,-0.20913085,0.51540619
112.266667,-5.85842800,0.24192426,-0.20912515,0.51535529
112.300000,-5.85455656,0.24195066,-0.20911947,0.51530421
112.333333,-5.85091305,0.24197705,-0.20911385,0.51525342
112.366667,-6.01216698,0.24168134,-0.20533632,0.51406997
112.400000,-6.00886536,0.24145029,-0.19951646,0.51166707
112.433333,-5.53426361,0.24133590,-0.19388992,0.50891244
112.466667,-5.16736984,0.24120426,-0.18835405,0.50598204
112.500000,-4.77997160,0.24108197,-0.18290281,0.50288075
112.533333,-5.25721359,0.24106514,-0.17826006,0.49994358
112.566667,-5.66230488,0.24107510,-0.17389674,0.49706444
112.600000,-5.58446121,0.24107629,-0.16952473,0.49424005
112.633333,-5.65698385,0.24102829,-0.16534165,0.49157983
112.666667,-5.19199038,0.24095869,-0.16125192,0.48898721
112.700000,-4.67840290,0.24097532,-0.15800788,0.48690405
112.733333,-4.66902781,0.24131294,-0.15665232,0.48628387
112.766667,-5.21253300,0.24146016,-0.15645441,0.48612338
112.800000,-4.14708185,0.24149773,-0.15645634,0.48605725
112.833333,-2.71532130,0.24216069,-0.15753169,0.48625711
112.866667,-1.96245551,0.24293433,-0.15874639,0.48633024
112.900000,0.19995147,0.24429552,-0.15929618,0.48654303
112.933333,-0.81529719,0.24626489,-0.15942869,0.48599586
112.966667,-0.98259187,0.24849690,-0.15948130,0.48502067
113.000000,-2.92150664,0.24901639,-0.15899657,0.48417017
113.033333,-2.37125397,0.24888128,-0.15883635,0.48414621
113.066667,-2.74488735,0.24865672,-0.15876025,0.48431972
113.100000,-4.14279652,0.24841365,-0.15869083,0.48453176
113.133333,-3.85190177,0.24817306,-0.15862365,0.48474121
113.166667,-3.31603003,0.24795188,-0.15855242,0.48492271
113.200000,-2.95980048,0.24776413,-0.15847270,0.48505655
113.233333,-2.38923359,0.24759246,-0.15838560,0.48515639
113.266667,-5.60080671,0.24580866,-0.15853316,0.48354593
113.300000,-4.60873127,0.24302137,-0.15948863,0.48264205
113.333333,-1.61292851,0.24228965,-0.15977415,0.48310176
113.366667,-1.95292568,0.24224907,-0.15925717,0.48330855
113.400000,-2.31350303,0.24221183,-0.15872668,0.48277459
113.433333,-2.83998942,0.24219728,-0.15827180,0.48196301
113.466667,-2.98171997,0.24220583,-0.15779890,0.48111361
113.500000,-3.05903840,0.24221787,-0.15732482,0.48025388
113.533333,-3.09125042,0.24223109,-0.15685047,0.47939199
113.566667,-3.09608507,0.24224448,-0.15637617,0.47852942
113.600000,-3.11248374,0.24231432,-0.15623203,0.47817513
113.633333,-2.71540880,0.24235611,-0.15607688,0.47808170
113.666667,-2.38598704,0.24265940,-0.15376940,0.47822213
113.700000,-2.24592972,0.24330319,-0.15030909,0.47834870
113.733333,-2.27070618,0.24411397,-0.14630577,0.47841102
113.766667,-2.26270628,0.24506563,-0.14157507,0.47829133
113.800000,-2.42886615,0.24612939,-0.13617067,0.47782221
113.833333,-2.87519574,0.24716654,-0.13102162,0.47724500
113.866667,-3.26442862,0.24784072,-0.12652040,0.47675261
113.900000,-3.02587771,0.24834543,-0.12212766,0.47637233
113.933333,-2.96772242,0.24885044,-0.11776336,0.47599626
113.966667,-3.02206969,0.24936815,-0.11351472,0.47562078
114.000000,-3.09695220,0.24966246,-0.10985421,0.47536001
114.033333,-3.14656305,0.24986283,-0.10604624,0.47513101
114.066667,-3.14193606,0.25011531,-0.10210580,0.47483993
114.100000,-2.99060178,0.25058171,-0.09779496,0.47436652
114.133333,-3.34587336,0.25110883,-0.09332318,0.47369266
114.166667,-3.45876622,0.25165287,-0.08898949,0.47300434
114.200000,-3.35374618,0.25223988,-0.08463987,0.47233427
114.233333,-3.50817156,0.25281310,-0.08031595,0.47166008
114.266667,-3.53097773,0.25340143,-0.07594482,0.47097221
114.300000,-3.53860092,0.25395969,-0.07157085,0.47022927
114.333333,-3.46605134,0.25442553,-0.06746630,0.46954566
114.366667,-3.37917995,0.25483191,-0.06337344,0.46891081
114.400000,-3.67016888,0.25527030,-0.05914803,0.46816236
114.433333,-3.62323618,0.25565025,-0.05517257,0.46746522
114.466667,-3.57317472,0.25601164,-0.05124031,0.46681994
114.500000,-3.49268770,0.25642902,-0.04724058,0.46616247
114.533333,-3.49842548,0.25694633,-0.04312059,0.46549314
114.566667,-3.66476226,0.25746304,-0.03892319,0.46478960
114.600000,-3.79769850,0.25797644,-0.03472039,0.46404892
114.633333,-3.97225761,0.25848672,-0.03043940,0.46328756
114.666667,-3.67356277,0.25902557,-0.02610068,0.46252760
114.700000,-3.95739317,0.25954497,-0.02184713,0.46175256
114.733333,-4.00955486,0.26005137,-0.01772385,0.46102917
114.766667,-4.20406055,0.26059780,-0.01350958,0.46025270
114.800000,-3.71766496,0.26118499,-0.00921155,0.45942029
114.833333,-4.16423416,0.26179209,-0.00495225,0.45854616
114.866667,-4.43521452,0.26232997,-0.00102583,0.45788017
114.900000,-3.83645773,0.26283345,0.00291652,0.45725009
114.933333,-4.31826973,0.26325485,0.00682866,0.45648700
114.966667,-4.47234583,0.26368326,0.01061293,0.45580825
115.000000,-3.60316110,0.26410097,0.01441896,0.45511696
115.033333,-4.07165146,0.26453817,0.01839560,0.45429692
115.066667,-4.24758434,0.26495764,0.02217668,0.45357537
115.100000,-3.31406784,0.26543370,0.02607202,0.45285335
115.133333,-3.64380693,0.26589176,0.02986054,0.45216858
115.166667,-2.62644792,0.26634187,0.03359053,0.45153001
115.200000,-3.08491445,0.26676667,0.03744648,0.45082700
115.233333,-3.11061478,0.26719239,0.04122430,0.45015681
115.266667,-2.27316999,0.26763719,0.04510629,0.44946027
115.300000,-2.48771143,0.26802599,0.04875950,0.44878244
115.333333,-2.58136916,0.26842692,0.05238733,0.44816768
115.366667,-1.76213551,0.26889706,0.05625609,0.44747362
115.400000,-1.89766026,0.26934472,0.05994702,0.44680101
115.433333,-1.95392656,0.26978728,0.06366181,0.44611794
115.466667,-2.08765054,0.27025765,0.06741332,0.44544476
115.500000,-1.18054593,0.27074412,0.07132761,0.44469464
115.533333,-1.48090041,0.27118433,0.07511129,0.44395667
115.566667,-1.36510873,0.27163637,0.07883849,0.44333094
115.600000,-1.42151749,0.27211824,0.08264513,0.44273442
115.633333,-1.54016781,0.27260616,0.08647431,0.44212082
115.666667,-0.59431815,0.27307940,0.09034796,0.44144621
115.700000,-1.22926688,0.27358040,0.09431332,0.44067687
115.733333,-0.93776673,0.27408123,0.09802401,0.44008034
115.766667,-0.99582773,0.27458233,0.10183132,0.43949285
115.800000,-1.08630037,0.27508563,0.10567300,0.43885714
115.833333,-1.12540817,0.27563766,0.10953601,0.43818790
115.866667,-0.11730461,0.27624381,0.11338321,0.43746990
115.900000,-0.71528405,0.27684286,0.11731732,0.43664542
115.933333,-0.55016237,0.27746093,0.12096021,0.43600351
115.966667,-0.71412086,0.27806199,0.12466002,0.43536931
116.000000,0.31825829,0.27866274,0.12838510,0.43469277
116.033333,-0.04357884,0.27925822,0.13190429,0.43407971
116.066667,-0.00327243,0.27984482,0.13541508,0.43357986
116.100000,-0.25585079,0.28035194,0.13891466,0.43303230
116.133333,-0.20733070,0.28087953,0.14239427,0.43251857
116.166667,-0.46468657,0.28135854,0.14573306,0.43198392
116.200000,-0.48994514,0.28174567,0.14897685,0.43145531
116.233333,-0.24370120,0.28219262,0.15237251,0.43092099
116.266667,-0.85070789,0.28254828,0.15549095,0.43043160
116.300000,-0.82880092,0.28255817,0.15703055,0.42993066
116.333333,-0.86772209,0.28255281,0.15737724,0.42957461
116.366667,-0.45548204,0.28259474,0.15739793,0.42943957
116.400000,-0.36249784,0.28262925,0.15740538,0.42938152
116.433333,-0.39582592,0.28266224,0.15740849,0.42933792
116.466667,-0.49282286,0.28269523,0.15741093,0.42929545
116.500000,-0.62961310,0.28272814,0.15741366,0.42925245
116.533333,0.29503274,0.28276131,0.15741582,0.42920902
116.566667,0.68724614,0.28283510,0.15846425,0.42894739
116.600000,1.18012762,0.28294829,0.16133657,0.42822662
116.633333,0.80060369,0.28296378,0.16475710,0.42689314
116.666667,-0.41842917,0.28301352,0.16818553,0.42537755
116.700000,0.30395597,0.28305352,0.17170501,0.42368972
116.733333,-1.04900908,0.28308514,0.17497554,0.42197171
116.766667,-1.19750273,0.28318319,0.17751878,0.42034900
116.800000,-2.94650578,0.28324568,0.17841581,0.41957647
116.833333,-1.15565228,0.28328407,0.17856556,0.41929981
116.866667,-1.56329012,0.28333047,0.17856273,0.41918287
116.900000,-1.94307661,0.28336394,0.17856188,0.41912052
116.933333,-2.43065572,0.28339243,0.17856316,0.41906703
116.966667,-1.64560807,0.28342149,0.17856409,0.41901305
117.000000,-2.63262272,0.28344911,0.17856520,0.41896141
117.033333,-1.94440615,0.28347698,0.17856616,0.41890901
117.066667,-3.11588597,0.28350434,0.17856732,0.41885689
117.100000,-4.58218431,0.28339580,0.17648695,0.41796976
117.133333,-4.27156401,0.28383726,0.17296547,0.41697523
117.166667,-3.94490123,0.28445077,0.16907863,0.41585121
117.200000,-5.04721880,0.28523466,0.16494688,0.41468921
117.233333,-4.57020998,0.28609779,0.16075848,0.41354212
117.266667,-3.92483449,0.28702825,0.15641922,0.41240057
117.300000,-5.82013988,0.28804278,0.15167139,0.41142663
117.333333,-5.23049831,0.28911701,0.14668994,0.41066799
117.366667,-5.20153332,0.29014784,0.14192724,0.40994480
117.400000,-4.22053719,0.29120004,0.13720250,0.40915674
117.433333,-3.93143559,0.29229796,0.13527173,0.40910360
117.466667,-3.31667519,0.29284009,0.13473834,0.40893990
117.500000,-9.32573605,0.29256904,0.13432610,0.40840617
117.533333,-7.49461508,0.28852814,0.13593866,0.40686232
117.566667,-6.09844065,0.28430542,0.13837942,0.40549976
117.600000,-4.64403105,0.28362358,0.13915572,0.40528023
117.633333,-3.48047185,0.28372955,0.13909884,0.40522066
117.666667,-0.89948654,0.28378636,0.13909575,0.40517202
117.700000,-8.00452328,0.28391674,0.13908799,0.40516734
117.733333,-4.50345850,0.28397515,0.13901268,0.40526697
117.766667,-5.93623018,0.28419346,0.13875470,0.40532386
117.800000,-5.13703012,0.28452235,0.13838977,0.40534431
117.833333,-7.63336277,0.28500554,0.13787922,0.40580103
117.866667,-10.81470490,0.28569648,0.13751702,0.40682945
117.900000,-3.70220852,0.28604084,0.13719566,0.40718004
117.933333,-6.67221689,0.28625742,0.13689969,0.40745145
117.966667,-6.95708323,0.28709981,0.13651015,0.40781826
118.000000,-6.05787849,0.28841206,0.13585754,0.40806931
118.033333,-6.57759380,0.29041013,0.13518256,0.40828285
118.066667,-4.03647518,0.29232118,0.13464458,0.40854776
118.100000,-7.08922482,0.29299107,0.13410215,0.40787753
118.133333,-6.36864996,0.29349983,0.13348371,0.40664321
118.166667,-7.22448301,0.29439270,0.13283686,0.40491369
118.200000,-8.42514420,0.29531348,0.13231160,0.40284979
118.233333,-7.72813320,0.29582277,0.13196194,0.40141699
118.266667,-1.81698203,0.29610601,0.13171619,0.40076345
118.300000,0.97165358,0.29737896,0.13194941,0.40013948
118.333333,3.61072803,0.29920930,0.13271952,0.39933920
118.366667,1.72119951,0.29977840,0.13283262,0.39797559
118.400000,1.47341478,0.30001339,0.13273129,0.39676195
118.433333,-0.33625165,0.29998061,0.13262843,0.39620355
118.466667,0.76700389,0.29989555,0.13241997,0.39602160
118.500000,1.15925288,0.29981810,0.13214146,0.39591604
118.533333,0.77515477,0.29975492,0.13182735,0.39582860
118.566667,0.78968138,0.29969046,0.13151145,0.39574724
118.600000,0.90186042,0.29962769,0.13118829,0.39566669
118.633333,0.43258485,0.29956794,0.13088168,0.39557776
118.666667,-0.71137780,0.29951775,0.13053359,0.39548746
118.700000,0.25029561,0.29947120,0.13019004,0.39540553
118.733333,0.39911509,0.29941896,0.12985249,0.39531884
118.766667,-1.86897874,0.29877907,0.12821300,0.39490432
118.800000,-0.56181419,0.29885668,0.12518607,0.39462453
118.833333,-0.40362966,0.29908860,0.12256948,0.39418888
118.866667,0.58199316,0.29928970,0.12045698,0.39356235
118.900000,-0.95975101,0.29953936,0.11845026,0.39295951
118.933333,-1.20723033,0.29978928,0.11662542,0.39236131
118.966667,-1.45012820,0.30004591,0.11481427,0.39177394
119.000000,-1.64120471,0.30031446,0.11300971,0.39119110
119.033333,-1.89431787,0.30056402,0.11123254,0.39062545
119.066667,-0.81295496,0.30114377,0.11037643,0.39039722
119.100000,-1.04512799,0.30156258,0.11014818,0.39027235
119.133333,-1.16589928,0.30185208,0.11012065,0.39017001
119.166667,-1.04846978,0.30203980,0.11025811,0.39009273
119.200000,2.42144060,0.30493799,0.11181078,0.39110634
119.233333,2.59961462,0.30871889,0.11449124,0.39157090
119.266667,1.76716125,0.31146535,0.11666790,0.39133385
119.300000,2.75756574,0.31297538,0.11803773,0.39096853
119.333333,1.52792013,0.31426263,0.11920764,0.39093933
119.366667,-5.11063337,0.31520790,0.11978557,0.39118207
119.400000,-4.38152838,0.31627983,0.12041070,0.39155638
119.433333,-4.83376932,0.31731439,0.12105417,0.39189106
119.466667,-4.93115187,0.31827480,0.12161364,0.39222696
119.500000,-2.54872751,0.31928968,0.12222419,0.39258409
119.533333,-3.36576843,0.32089698,0.12244155,0.39257556
119.566667,-3.89301944,0.32256892,0.12225474,0.39245242
119.600000,-3.73351645,0.32434148,0.12191353,0.39233464
119.633333,-3.59258080,0.32480127,0.12153799,0.39203829
119.666667,-0.70667481,0.32264674,0.12213346,0.39130503
119.700000,-1.43657231,0.31870738,0.12361225,0.39030966
119.733333,-3.16449165,0.31792113,0.12430952,0.39026672
119.766667,-3.78671122,0.31794780,0.12431540,0.39022461
119.800000,-3.99231505,0.31392115,0.12602657,0.38921618
119.833333,-2.88666892,0.31113580,0.12768988,0.38883290
119.866667,-3.75821996,0.31084141,0.12801899,0.38887471
119.900000,-4.69990826,0.30755880,0.12989821,0.38802603
119.933333,-5.47550440,0.30278215,0.13273114,0.38704583
119.966667,-5.87975121,0.30190924,0.13365556,0.38710931
120.000000,-2.73664975,0.30201170,0.13356584,0.38706344
120.033333,-6.44705915,0.30229709,0.13479057,0.38681510
120.066667,-5.11372423,0.30273414,0.13735318,0.38569140
120.100000,-4.88780499,0.30314210,0.14000970,0.38412619
120.133333,-10.30286503,0.30326396,0.14092687,0.38308886
120.166667,-2.89073372,0.30335268,0.14090762,0.38289821
120.200000,-7.22943830,0.30366445,0.14220551,0.38212726
120.233333,-3.67960644,0.30404356,0.14426556,0.38037196
120.266667,-7.32172775,0.30418593,0.14454894,0.37956190
120.300000,-5.59958506,0.30441594,0.14499202,0.37933359
120.333333,-5.89463949,0.30462950,0.14587562,0.37927252
120.366667,-1.11556339,0.30519953,0.14965288,0.37808773
120.400000,-8.54321384,0.30537698,0.15075800,0.37688094
120.433333,-5.52990723,0.30537793,0.15190750,0.37627727
120.466667,-2.61767340,0.30382398,0.15539300,0.37438160
120.500000,-8.40340519,0.30250916,0.15905999,0.37193570
120.533333,-6.94566631,0.30180505,0.16098942,0.37060091
120.566667,-5.46170378,0.29721835,0.16481361,0.36771664
120.600000,-11.50784302,0.29633582,0.16631524,0.36620218
120.633333,-6.69127083,0.29655558,0.16618964,0.36580271
120.666667,-2.33012700,0.29675689,0.16781110,0.36553332
120.700000,-1.16454387,0.29638407,0.17087391,0.36455533
120.733333,-7.02889252,0.29635939,0.17132716,0.36409730
120.766667,-5.70264530,0.29647395,0.17120644,0.36403164
120.800000,-4.81580734,0.29659748,0.17183039,0.36409295
120.833333,0.39248821,0.29673797,0.17484362,0.36390775
120.866667,-0.26697111,0.29694486,0.17801784,0.36363301
120.900000,-6.40084600,0.29661155,0.17904580,0.36345056
120.933333,-0.81265467,0.29700020,0.18095560,0.36339241
120.966667,-0.83810556,0.29742038,0.18291435,0.36312982
121.000000,0.11736920,0.29781240,0.18467225,0.36294776
121.033333,-0.37856761,0.29820538,0.18667471,0.36250070
121.066667,0.38780612,0.29870805,0.18859410,0.36206940
121.100000,-2.09654236,0.29905230,0.19011433,0.36182696
121.133333,-1.79104638,0.29914001,0.19048053,0.36166295
121.166667,2.14109564,0.29967922,0.19214649,0.36121756
121.200000,1.58725631,0.29998890,0.19383956,0.36082709
121.233333,-4.30353451,0.29998100,0.19437335,0.36053976
121.266667,-0.47821960,0.30035546,0.19554886,0.36051640
121.300000,3.09182358,0.30098581,0.19816464,0.35987470
121.333333,-3.09477758,0.30108503,0.19856207,0.35956413
121.366667,-2.56675625,0.30116615,0.19866143,0.35954005
121.400000,-0.35162398,0.30142069,0.19935322,0.35934347
121.433333,0.64994717,0.30188569,0.20068063,0.35886347
121.466667,-2.70235634,0.30200455,0.20075066,0.35860109
121.500000,-2.20909572,0.30209276,0.20073052,0.35856223
121.533333,1.67515254,0.30255243,0.20203564,0.35820892
121.566667,1.23889542,0.30290842,0.20284587,0.35782716
121.600000,-1.15085649,0.30304205,0.20292066,0.35759094
121.633333,-0.76403201,0.30310836,0.20285645,0.35754576
121.666667,0.98214328,0.30330914,0.20327254,0.35742271
121.700000,-0.76094174,0.30338696,0.20336431,0.35725561
121.733333,-0.74336404,0.30341849,0.20333855,0.35722113
121.766667,-0.56556815,0.30343607,0.20332786,0.35718954
121.800000,-2.51840878,0.30344629,0.20332760,0.35716271
121.833333,-5.32564545,0.30344462,0.20332210,0.35700196
121.866667,0.86238593,0.30341762,0.20330057,0.35654086
121.900000,1.65258861,0.30337930,0.20331751,0.35529992
121.933333,9.48985863,0.30333883,0.20334247,0.35339490
121.966667,-0.29486817,0.30329657,0.20336716,0.35177535
122.000000,-2.26070261,0.30326390,0.20339026,0.34973520
122.033333,-2.66138959,0.30328086,0.20343995,0.34873405
122.066667,-5.40122986,0.30328402,0.20347057,0.34856084
122.100000,-0.20300953,0.30328709,0.20347780,0.34853482
122.133333,-1.47489130,0.30328885,0.20348497,0.34848928
122.166667,-3.17286539,0.30329859,0.20349246,0.34845784
122.200000,-1.23064387,0.30331388,0.20349687,0.34842387
122.233333,-4.12204409,0.30348745,0.20367949,0.34954038
122.266667,-3.36181974,0.30363587,0.20380183,0.35140875
122.300000,0.98815197,0.30366656,0.20377479,0.35232821
122.333333,-0.81638783,0.30369794,0.20374478,0.35237402
122.366667,0.00862580,0.30371696,0.20374346,0.35234582
122.400000,-0.72407740,0.30372819,0.20374882,0.35230809
122.433333,-0.87967050,0.30373594,0.20375778,0.35227004
122.466667,-5.05113840,0.30374333,0.20376089,0.35223866
122.500000,-1.46816742,0.30432871,0.20379376,0.35271996
122.533333,-1.05564916,0.30509421,0.20370749,0.35346538
122.566667,0.32645565,0.30590463,0.20356648,0.35427216
122.600000,-0.97118402,0.30667731,0.20342949,0.35500452
122.633333,-1.74368691,0.30742240,0.20330654,0.35565570
122.666667,1.79984093,0.30817685,0.20319904,0.35624376
122.700000,-7.06692457,0.30866554,0.20316583,0.35654581
122.733333,-4.39039707,0.30918819,0.20313029,0.35685244
122.766667,0.82874501,0.30980229,0.20306894,0.35725394
122.800000,1.93489790,0.31050131,0.20298672,0.35774720
122.833333,-3.17188716,0.31124666,0.20286597,0.35831591
122.866667,-4.75388098,0.31201380,0.20273450,0.35892531
122.900000,-2.63786316,0.31262639,0.20267577,0.35933897
122.933333,-4.75424242,0.31336915,0.20256671,0.35991338
122.966667,-6.61641788,0.31404358,0.20247503,0.36041600
123.000000,2.25606799,0.31456143,0.20243426,0.36073944
123.033333,-3.07580543,0.31514019,0.20237893,0.36111516
123.066667,-0.85458559,0.31589627,0.20228250,0.36167920
123.100000,-4.00490522,0.31663203,0.20215979,0.36227897
123.133333,1.38657200,0.31740451,0.20203903,0.36289185
123.166667,-6.54353285,0.31789899,0.20200063,0.36321864
123.200000,-6.95807695,0.31841946,0.20195676,0.36354667
123.233333,-2.25369453,0.31903505,0.20189553,0.36396161
123.266667,-4.49438715,0.31974834,0.20179510,0.36449972
123.300000,-3.88854074,0.32038516,0.20173959,0.36494878
123.333333,-6.64756584,0.32106426,0.20164597,0.36547247
123.366667,-0.18349944,0.32154727,0.20160416,0.36578462
123.400000,-0.47220320,0.32206810,0.20155843,0.36612281
123.433333,-3.74861312,0.32274428,0.20148776,0.36660564
123.466667,-3.87232733,0.32338595,0.20141384,0.36707947
123.500000,-3.65025020,0.32407510,0.20133346,0.36761090
123.533333,2.77370572,0.32483539,0.20123567,0.36824325
123.566667,-0.49364796,0.32560128,0.20112035,0.36891606
123.600000,-0.05722598,0.32621154,0.20104891,0.36939871
123.633333,3.80757856,0.32680786,0.20100091,0.36984771
123.666667,-5.15268326,0.32743153,0.20095235,0.37032378
123.700000,-5.41414499,0.32814875,0.20088111,0.37088203
123.733333,-3.81810713,0.32887608,0.20079002,0.37149072
123.766667,-1.40008855,0.32960314,0.20070635,0.37208933
123.800000,0.95626730,0.33043036,0.20056553,0.37285119
123.833333,0.64249545,0.33105797,0.20049384,0.37337664
123.866667,-10.73272324,0.33163294,0.20044741,0.37379456
123.900000,19.18430710,0.33180788,0.20037016,0.37380853
123.933333,17.37792015,0.33191246,0.20034051,0.37379998
123.966667,15.64361382,0.33153281,0.20032322,0.37368912
124.000000,-0.50408876,0.32744625,0.20291407,0.37277114
124.033333,-1.46090353,0.32322803,0.20565423,0.37178493
124.066667,-2.74462700,0.32258266,0.20646986,0.37166321
124.100000,-1.60951507,0.32165247,0.20637791,0.37137330
124.133333,-4.21653318,0.31728426,0.20707598,0.37069535
124.166667,-1.60116160,0.31652296,0.20768972,0.37104869
124.200000,-5.76235723,0.31659412,0.20766272,0.37107548
124.233333,-10.85565948,0.31658962,0.20762029,0.37099394
124.266667,-11.97155094,0.31658065,0.20758204,0.37090337
124.300000,-10.78177834,0.31656730,0.20754243,0.37081039
124.333333,-12.81285477,0.31655490,0.20750669,0.37071997
124.366667,-9.98883152,0.31654406,0.20747553,0.37063298
124.400000,-10.96350479,0.31653377,0.20744705,0.37055010
124.433333,-13.37028313,0.31652275,0.20742254,0.37048379
124.466667,-16.50839424,0.31650567,0.20738886,0.37041134
124.500000,-12.60841370,0.31648716,0.20734692,0.37030879
124.533333,-11.18648720,0.31647527,0.20731753,0.37022251
124.566667,-14.73519611,0.31645563,0.20727855,0.37013149
124.600000,-9.97890663,0.31644380,0.20724729,0.37004897
124.633333,-12.34294128,0.31643444,0.20721808,0.36996654
124.666667,-15.48286629,0.31648052,0.20676279,0.37096995
124.700000,-13.99570084,0.31675199,0.20597450,0.37250069
124.733333,-12.78481674,0.31710559,0.20508038,0.37411180
124.766667,-14.33905506,0.31754780,0.20404774,0.37596789
124.800000,-15.45877457,0.31801102,0.20303500,0.37783748
124.833333,-15.86391258,0.31848076,0.20203793,0.37961835
124.866667,-7.15772867,0.31897360,0.20102952,0.38147420
124.900000,-9.73312092,0.31944907,0.19999225,0.38336489
124.933333,-0.10470501,0.31987253,0.19913380,0.38497290
124.966667,-0.84270257,0.32032758,0.19822116,0.38664648
125.000000,-2.58921456,0.32082838,0.19718346,0.38856456
125.033333,-4.31503344,0.32115749,0.19672824,0.38913119
125.066667,-5.10736799,0.32128748,0.19661634,0.38909414
125.100000,-5.22243595,0.32136264,0.19656821,0.38904959
125.133333,-5.11922836,0.32141334,0.19654879,0.38901380
125.166667,-3.30437613,0.32145244,0.19654490,0.38898525
125.200000,-0.47861502,0.32153001,0.19659677,0.38903171
125.233333,0.72233105,0.32163695,0.19670735,0.38902986
125.266667,-0.16925484,0.32174367,0.19682020,0.38901487
125.300000,-2.40440798,0.32185227,0.19693477,0.38900426
125.333333,0.14651224,0.32196212,0.19705045,0.38899562
125.366667,-1.73942745,0.32207498,0.19717045,0.38898921
125.400000,-2.65422297,0.32218802,0.19729504,0.38897693
125.433333,-3.41812158,0.32230145,0.19742277,0.38896027
125.466667,-4.68309975,0.32241344,0.19754130,0.38895202
125.500000,-3.10304165,0.32252440,0.19765879,0.38894379
125.533333,-4.57811880,0.32262179,0.19773933,0.38896632
125.566667,-3.09986687,0.32273036,0.19783582,0.38898799
125.600000,-4.00621033,0.32284403,0.19795032,0.38899076
125.633333,-3.05213070,0.32295612,0.19807325,0.38897368
125.666667,-2.33888412,0.32306728,0.19818787,0.38896310
125.700000,-3.71554494,0.32318133,0.19830757,0.38895181
125.733333,-2.98562121,0.32329360,0.19843109,0.38892993
125.766667,-2.55226183,0.32340580,0.19855118,0.38890997
125.800000,-2.15555596,0.32351658,0.19866399,0.38889953
125.833333,-1.77435195,0.32362756,0.19877553,0.38889447
125.866667,-1.43541110,0.32373887,0.19888796,0.38888958
125.900000,-3.13718128,0.32385451,0.19901039,0.38887566
125.933333,-2.82944846,0.32397261,0.19915456,0.38882649
125.966667,-2.62925434,0.32408983,0.19929931,0.38876528
126.000000,-2.46321130,0.32420459,0.19943467,0.38871408
126.033333,-2.31341362,0.32431740,0.19955850,0.38868254
126.066667,-1.98442352,0.32442668,0.19967143,0.38867593
126.100000,-1.49667871,0.32454029,0.19978163,0.38866767
126.133333,-6.25939035,0.32540217,0.19981903,0.39202723
126.166667,0.90740246,0.32508773,0.19950886,0.39407751
126.200000,-3.52642894,0.31779665,0.20116262,0.39229387
126.233333,-3.14215064,0.30921525,0.20439564,0.38998905
126.266667,-2.63051152,0.30748081,0.20567940,0.38961548
126.300000,-2.02394533,0.30768257,0.20555322,0.38949034
126.333333,-2.04128623,0.30754676,0.20546268,0.38936609
126.366667,-1.84721339,0.30758440,0.20545107,0.38934025
126.400000,-1.81463647,0.30763942,0.20545593,0.38930807
126.433333,-1.78071213,0.30767980,0.20547414,0.38927498
126.466667,-1.91630447,0.30737126,0.20546710,0.38915610
126.500000,-0.99729162,0.30701521,0.20625298,0.38891321
126.533333,0.44018108,0.30629766,0.20947450,0.38812816
126.566667,0.88741255,0.30440548,0.21467222,0.38568601
126.600000,1.70596731,0.30287454,0.21972550,0.38294950
126.633333,-4.55127287,0.30274561,0.22149123,0.38202855
126.666667,-4.43711424,0.30272934,0.22189465,0.38154727
126.700000,-3.79561949,0.30263072,0.22221628,0.38121253
126.733333,-3.90363955,0.30268398,0.22242278,0.38094926
126.766667,-1.67942226,0.30288604,0.22432062,0.38012677
126.800000,-4.98734379,0.30282038,0.22527753,0.37892625
126.833333,-3.53937078,0.30294630,0.22530510,0.37841409
126.866667,-2.68769836,0.30304572,0.22530064,0.37822533
126.900000,-2.44353676,0.30316383,0.22525391,0.37810117
126.933333,-2.36227679,0.30328539,0.22520076,0.37799177
126.966667,-2.37831354,0.30340758,0.22514631,0.37788510
127.000000,-2.42967033,0.30353144,0.22509004,0.37777749
127.033333,-2.45559359,0.30365625,0.22503278,0.37766871
127.066667,-2.50483465,0.30378160,0.22497460,0.37755916
127.100000,-2.58381057,0.30390909,0.22491442,0.37744632
127.133333,-2.72174287,0.30404279,0.22484609,0.37732521
127.166667,-2.83331561,0.30417797,0.22477615,0.37719870
127.200000,-2.90761924,0.30431315,0.22470620,0.37707135
127.233333,-2.95308948,0.30444825,0.22463687,0.37694320
127.266667,-2.97692108,0.30458325,0.22456749,0.37681529
127.300000,-2.97165012,0.30471820,0.22449836,0.37668794
127.333333,-2.94874787,0.30485305,0.22442916,0.37656087
127.366667,-2.89192104,0.30498773,0.22436005,0.37643367
127.400000,-2.81326461,0.30512252,0.22429104,0.37630647
127.433333,-2.76651788,0.30525744,0.22422187,0.37617984
127.466667,-4.29887056,0.30532151,0.22378233,0.37697333
127.500000,-1.27066851,0.30537549,0.22357209,0.37778899
127.533333,-2.84882021,0.30401748,0.22416408,0.37783951
127.566667,-3.29019547,0.30235362,0.22478075,0.37776014
127.600000,-3.36499548,0.30051038,0.22515473,0.37762228
127.633333,-3.63104725,0.29387328,0.22812817,0.37637571
127.666667,1.95725727,0.28629473,0.23199193,0.37472349
127.700000,-1.05840743,0.27915031,0.23514424,0.37301129
127.733333,-16.48617363,0.27403829,0.23666851,0.37215957
127.766667,-29.19452095,0.27055949,0.23660097,0.37218389
127.800000,-11.04173756,0.26703763,0.23650569,0.37215379
127.833333,-9.82632923,0.26519760,0.23716998,0.37225029
127.866667,0.48576036,0.26510993,0.23720400,0.37226638
127.900000,-0.75829834,0.26509783,0.23720485,0.37225416
127.933333,0.85422027,0.26507667,0.23720725,0.37224385
127.966667,0.57647038,0.26505566,0.23721163,0.37223282
128.000000,2.62305617,0.26503226,0.23721752,0.37222040
128.033333,1.68163025,0.26501343,0.23722167,0.37220764
128.066667,0.66395342,0.26499566,0.23722287,0.37219134
128.100000,-0.85507977,0.26498628,0.23721933,0.37217718
128.133333,-3.59506965,0.26496997,0.23721792,0.37216139
128.166667,-6.66355515,0.26495168,0.23721677,0.37214836
128.200000,-7.67607880,0.26492780,0.23723271,0.37212819
128.233333,-7.57696295,0.26490501,0.23724285,0.37210888
128.266667,-7.74724817,0.26489088,0.23725305,0.37208468
128.300000,-9.21653938,0.26487106,0.23726335,0.37206551
128.333333,-8.60563660,0.26484650,0.23727520,0.37204507
128.366667,-8.29638386,0.26482278,0.23728651,0.37202856
128.400000,-7.84791136,0.26480371,0.23730068,0.37200865
128.433333,-7.56720114,0.26478183,0.23731422,0.37198970
128.466667,-7.26750374,0.26476243,0.23733327,0.37196666
128.500000,-7.03866863,0.26474011,0.23735231,0.37194201
128.533333,-7.15988970,0.26471817,0.23736989,0.37192026
128.566667,-6.92139959,0.26469725,0.23738943,0.37190124
128.600000,-7.10837698,0.26468343,0.23740061,0.37188753
128.633333,-6.23657846,0.26466915,0.23741877,0.37187254
128.666667,-6.79200315,0.26464587,0.23743622,0.37185687
128.700000,-6.81804323,0.26462680,0.23744586,0.37184322
128.733333,-6.77001476,0.26461628,0.23746364,0.37181386
128.766667,-6.65565825,0.26459843,0.23747997,0.37178135
128.800000,-6.41186571,0.26458347,0.23750281,0.37174892
128.833333,-6.44005203,0.26456589,0.23752521,0.37171328
128.866667,-6.49874258,0.26454666,0.23754956,0.37168086
128.900000,-6.92888069,0.26453266,0.23756753,0.37164965
128.933333,-5.37643576,0.26452184,0.23758262,0.37162378
128.966667,-6.23667574,0.26451251,0.23759314,0.37160537
129.000000,-6.22278786,0.26450041,0.23760355,0.37158266
129.033333,-6.28911304,0.26450330,0.23761283,0.37156919
129.066667,-6.18662262,0.26448902,0.23763222,0.37154201
129.100000,-6.22608757,0.26448008,0.23764735,0.37150818
129.133333,-6.58324194,0.26447621,0.23766389,0.37147656
129.166667,-6.41638041,0.26446542,0.23768151,0.37144566
129.200000,-6.05846596,0.26445419,0.23769607,0.37142196
129.233333,-5.60079813,0.26443389,0.23770836,0.37140548
129.266667,-5.98854065,0.26441330,0.23771970,0.37139025
129.300000,-5.76862431,0.26439413,0.23773745,0.37136537
129.333333,-21.36836624,0.26365811,0.23683187,0.37109080
129.366667,-102.02180481,0.24354742,-0.18391331,0.50095159
129.400000,-52.61437225,0.24355882,-0.18398060,0.50081688
129.433333,-31.78743553,0.24358115,-0.18402088,0.50068110
129.466667,-17.02305031,0.24359697,-0.18403023,0.50058657
129.500000,8.67719173,0.24361035,-0.18399300,0.50055295
129.533333,7.28603745,0.24358781,-0.18378805,0.50056016
129.566667,-3.80917478,0.24356182,-0.18353155,0.50052166
129.600000,-11.28840828,0.24354626,-0.18322663,0.50048459
129.633333,-0.97596490,0.24355549,-0.18315901,0.50044113
129.666667,2.57546782,0.24255066,-0.17905721,0.49934939
129.700000,0.79151195,0.24070849,-0.17187335,0.49659365
129.733333,6.76935005,0.23854585,-0.16372928,0.49300164
129.766667,6.92431211,0.23775488,-0.15994191,0.49137235
129.800000,7.52187300,0.23727362,-0.15537891,0.48961475
129.833333,6.77544403,0.23617755,-0.14689425,0.48489577
129.866667,2.20061207,0.23463865,-0.13753659,0.47869891
129.900000,0.46316874,0.23264216,-0.12834620,0.47206363
129.933333,-2.46676493,0.23035723,-0.11877649,0.46484303
129.966667,-2.82444406,0.22787781,-0.10914143,0.45752817
130.000000,0.06306358,0.22524954,-0.10000115,0.45072475
130.033333,-4.33357716,0.22216025,-0.09051437,0.44351017
130.066667,-2.59005523,0.21914670,-0.08112833,0.43592250
130.100000,-3.90832448,0.21740420,-0.07219016,0.43174297
130.133333,-2.11825609,0.21760437,-0.07073309,0.43063045
130.166667,-1.34421480,0.21764369,-0.07078922,0.43046910
130.200000,-0.83542299,0.21675991,-0.06907238,0.42984399
130.233333,0.71150857,0.21551365,-0.06394909,0.42723492
130.266667,-1.84179151,0.21391293,-0.05683997,0.42219412
130.300000,-3.08761954,0.21234633,-0.04947856,0.41638458
130.333333,-4.28904915,0.21228057,-0.04582966,0.41452143
130.366667,-0.94378382,0.21227463,-0.04274751,0.41442686
130.400000,0.05922922,0.21062651,-0.03437134,0.41132626
130.433333,-2.75649858,0.21039188,-0.02779263,0.40955043
130.466667,1.57414019,0.20949419,-0.01976203,0.40724790
130.500000,-0.79433614,0.20803830,-0.01142525,0.40452412
130.533333,-1.31625223,0.20767677,-0.00346443,0.40319052
130.566667,0.24334081,0.20681636,0.00472111,0.40101051
130.600000,-0.03669408,0.20587900,0.01267360,0.39859620
130.633333,0.07612547,0.20561203,0.02101579,0.39641169
130.666667,-0.52918637,0.20550828,0.03002496,0.39402881
130.700000,-0.81726056,0.20547390,0.03703932,0.39279205
130.733333,2.84550667,0.20490502,0.04518320,0.39063707
130.766667,3.85107112,0.20404039,0.05349379,0.38757509
130.800000,1.51719153,0.20393381,0.05913635,0.38619044
130.833333,6.78519344,0.20339601,0.06621591,0.38448092
130.866667,1.99648070,0.20290664,0.07142220,0.38374329
130.900000,1.50878119,0.20243363,0.07656005,0.38341740
130.933333,1.66704822,0.20201388,0.08068792,0.38230479
130.966667,-1.03439724,0.20198052,0.08262394,0.38173658
131.000000,-0.08230922,0.20199989,0.08426477,0.38159558
131.033333,0.13291474,0.20200646,0.08621340,0.38120857
131.066667,-0.73500657,0.20201020,0.08764875,0.38088098
131.100000,-0.19293809,0.20201826,0.08890572,0.38079688
131.133333,2.75986385,0.20194234,0.09153356,0.38016897
131.166667,2.69285941,0.20087960,0.09934045,0.37704414
131.200000,-3.60348392,0.20072389,0.10275301,0.37534407
131.233333,-0.67101049,0.20074666,0.10521214,0.37504983
131.266667,5.30980158,0.20080779,0.11086406,0.37342471
131.300000,0.63260311,0.20082484,0.11705189,0.37101683
131.333333,-2.69141316,0.20074303,0.12041006,0.36946583
131.366667,-0.75693053,0.20070748,0.12093781,0.36888614
131.400000,0.37312484,0.20071857,0.12091360,0.36870071
131.433333,0.86634827,0.20074143,0.12134477,0.36869586
131.466667,0.60469139,0.20075953,0.12220505,0.36870888
131.500000,0.18077363,0.20075911,0.12302534,0.36864009
131.533333,0.09621260,0.20078218,0.12432848,0.36865708
131.566667,-0.39323160,0.20078196,0.12582450,0.36862159
131.600000,-0.52633041,0.20077875,0.12724999,0.36853290
131.633333,-0.38528663,0.20079377,0.12845729,0.36851144
131.666667,-0.29865119,0.20080702,0.12969254,0.36850587
131.700000,3.09853601,0.20083728,0.13084690,0.36853328
131.733333,2.65810227,0.20085950,0.13211811,0.36852488
131.766667,1.82959151,0.20087238,0.13345562,0.36846215
131.800000,1.85112786,0.20089120,0.13468529,0.36841598
131.833333,-0.41700831,0.20146409,0.13465834,0.37044483
131.866667,-0.93345737,0.20220844,0.13418640,0.37383080
131.900000,-1.28440297,0.20292985,0.13371532,0.37738377
131.933333,-0.08792810,0.20366123,0.13324036,0.38097891
131.966667,-0.02377311,0.20441180,0.13273114,0.38479120
132.000000,0.31736335,0.20515127,0.13223490,0.38848710
132.033333,-0.13966842,0.20591138,0.13171424,0.39238665
132.066667,-0.67875963,0.20663664,0.13122062,0.39601284
132.100000,1.56393325,0.20765480,0.13170964,0.39697668
132.133333,-1.08289683,0.20870590,0.13258766,0.39670920
132.166667,-1.19989598,0.21077098,0.13488601,0.39708546
132.200000,-1.64028466,0.21281914,0.13750580,0.39742640
132.233333,-0.27163064,0.21495508,0.14018235,0.39781117
132.266667,-0.89776987,0.21715291,0.14317466,0.39799383
132.300000,-4.11331606,0.21736449,0.14423029,0.39755014
132.333333,-4.50398493,0.21785550,0.14432575,0.39755255
132.366667,-4.32650995,0.21859427,0.14535646,0.39811382
132.400000,-2.12951350,0.21961161,0.14627184,0.39874008
132.433333,-0.85818970,0.22096156,0.14800495,0.39942905
132.466667,-3.23628664,0.22228181,0.14978406,0.40000835
132.500000,-10.25434113,0.22341362,0.15100391,0.40062305
132.533333,-13.60886383,0.22475801,0.15274008,0.40134668
132.566667,-14.18981171,0.22600146,0.15437016,0.40198684
132.600000,-19.46450615,0.22733597,0.15629382,0.40261832
132.633333,-16.74324608,0.22870800,0.15835857,0.40316755
132.666667,-13.29658318,0.22997424,0.16016196,0.40371051
132.700000,-9.97025585,0.23131073,0.16200417,0.40438586
132.733333,-11.47014904,0.23271085,0.16426340,0.40489036
132.766667,-10.74486446,0.23398109,0.16613123,0.40538099
132.800000,-9.59726906,0.23539503,0.16830397,0.40597016
132.833333,-10.00309181,0.23678160,0.17062925,0.40635568
132.866667,-9.37728882,0.23812506,0.17277250,0.40675366
132.900000,-7.27771807,0.23950620,0.17493822,0.40722501
132.933333,-10.52129745,0.24084094,0.17682853,0.40785500
132.966667,-7.34583712,0.24216591,0.17876577,0.40845451
133.000000,-11.09489918,0.24341361,0.18057625,0.40901929
133.033333,-6.46130419,0.24482147,0.18248962,0.40980014
133.066667,-8.74393368,0.24485515,0.18322858,0.40935111
133.100000,-4.69202137,0.24367478,0.18754071,0.40768963
133.133333,-4.23143291,0.24338439,0.19000655,0.40607131
133.166667,-5.22384071,0.24341756,0.19081542,0.40560439
133.200000,-6.63493013,0.24348415,0.19210985,0.40513983
133.233333,-8.37146187,0.24153437,0.19631204,0.40360126
133.266667,-10.47321320,0.24117263,0.19772479,0.40310153
133.300000,-9.27037621,0.24056110,0.20030358,0.40210357
133.333333,-6.83558607,0.23785307,0.20614153,0.39907011
133.366667,-11.63713169,0.23769869,0.20955186,0.39734164
133.400000,-13.69342995,0.23765445,0.21072200,0.39652765
133.433333,-10.31861401,0.23537730,0.21498708,0.39488080
133.466667,-9.68827724,0.23228839,0.22004838,0.39234719
133.500000,-10.71119881,0.23193046,0.22315598,0.39178231
133.533333,-14.96871948,0.23110850,0.22702242,0.39075884
133.566667,-15.91380405,0.22954950,0.23138215,0.38879535
133.600000,-17.99689102,0.22814393,0.23533051,0.38659543
133.633333,-14.48691368,0.22770239,0.23655742,0.38524351
133.666667,-16.25636101,0.22770561,0.23676316,0.38489753
133.700000,-14.88297844,0.22770390,0.23694324,0.38480851
133.733333,-11.85575199,0.22770232,0.23712030,0.38475034
133.766667,-12.43347263,0.22770113,0.23726557,0.38472018
133.800000,-11.74559307,0.22769572,0.23742057,0.38468516
133.833333,-9.08750534,0.22768633,0.23757872,0.38464591
133.866667,-9.82682514,0.22767729,0.23772851,0.38461146
133.900000,-9.26042747,0.22766244,0.23787783,0.38457394
133.933333,-6.86374569,0.22765011,0.23803079,0.38453838
133.966667,-7.75590992,0.22763224,0.23818143,0.38450167
134.000000,-8.03176117,0.22760917,0.23833577,0.38446188
134.033333,-4.80998373,0.22758752,0.23848946,0.38442209
134.066667,-15.89370441,0.22757532,0.23860444,0.38441101
134.100000,-16.45889473,0.22758298,0.23873836,0.38438767
134.133333,-15.14683151,0.22757408,0.23891470,0.38434133
134.166667,-13.80077553,0.22756116,0.23909947,0.38428614
134.200000,-11.88228893,0.22754684,0.23929562,0.38422933
134.233333,-9.13664722,0.22753140,0.23947003,0.38418108
134.266667,-8.02876949,0.22751497,0.23963779,0.38414299
134.300000,-11.66050339,0.22751339,0.23976344,0.38414252
134.333333,-13.30983829,0.22753567,0.23989530,0.38414219
134.366667,-10.97311497,0.22755849,0.24003874,0.38412675
134.400000,0.56214797,0.22759251,0.24013579,0.38412464
134.433333,-0.30529001,0.22762445,0.24022602,0.38412526
134.466667,-0.48514435,0.22765256,0.24032156,0.38412136
134.500000,0.31909725,0.22767837,0.24042115,0.38411391
134.533333,-0.68431503,0.22770309,0.24052675,0.38410336
134.566667,0.08679020,0.22772694,0.24064012,0.38408965
134.600000,0.33210695,0.22774990,0.24076112,0.38407189
134.633333,0.53044015,0.22777396,0.24088113,0.38405257
134.666667,0.42218080,0.22779837,0.24100526,0.38403285
134.700000,1.36179745,0.22782336,0.24113791,0.38400632
134.733333,0.62557107,0.22785385,0.24118701,0.38394800
134.766667,0.49225956,0.22790700,0.24118580,0.38390005
134.800000,0.03720068,0.22795549,0.24118604,0.38386214
134.833333,8.00909328,0.22713956,0.24149758,0.37958083
134.866667,-1.13864279,0.22359404,0.24190953,0.37474158
134.900000,-1.78831458,0.22026810,0.24270500,0.37155616
134.933333,-2.81513834,0.21923527,0.24364576,0.37032154
134.966667,0.72797424,0.21833162,0.24461785,0.36909401
135.000000,-1.51728976,0.21722166,0.24563436,0.36778358
135.033333,-3.06181669,0.21694697,0.24588157,0.36726189
135.066667,-2.46901655,0.21687606,0.24599625,0.36700538
135.100000,-2.71138453,0.21678771,0.24611557,0.36670607
135.133333,-2.68502522,0.21670435,0.24622884,0.36638102
135.166667,-2.77150106,0.21663356,0.24632835,0.36607847
135.200000,-2.38836837,0.21656044,0.24643886,0.36580074
135.233333,-5.54004717,0.21631773,0.24569613,0.36764839
135.266667,-3.10461068,0.21619509,0.24447009,0.37149841
135.300000,-5.49434042,0.21595988,0.24262302,0.37633041
135.333333,-1.90047097,0.21577166,0.24060762,0.38154745
135.366667,-6.99577188,0.21559277,0.23903614,0.38526365
135.400000,-8.86038303,0.21536431,0.23778380,0.38785979
135.433333,-10.80670643,0.21510939,0.23676987,0.38981169
135.466667,-2.17529631,0.21550746,0.23717546,0.39044103
135.500000,-3.10054088,0.21592626,0.23835318,0.39083061
135.533333,-1.19969261,0.21633336,0.23950207,0.39121068
135.566667,-0.33812082,0.21676357,0.24058209,0.39164719
135.600000,0.15214798,0.21714571,0.24186558,0.39203981
135.633333,-0.18340684,0.21751857,0.24324150,0.39239830
135.666667,-1.12915373,0.21793202,0.24441923,0.39280978
135.700000,-2.37410235,0.21831915,0.24562478,0.39318529
135.733333,-4.75967407,0.21873756,0.24604075,0.39394167
135.766667,-6.48012972,0.21926156,0.24609563,0.39503738
135.800000,-3.25922751,0.21981107,0.24616879,0.39618415
135.833333,-10.99816227,0.22035508,0.24622460,0.39740717
135.866667,-11.55178642,0.22094989,0.24630395,0.39872512
135.900000,-12.94137478,0.22143562,0.24636476,0.39986166
135.933333,-11.45534706,0.22152652,0.24617039,0.40268949
135.966667,-19.96524429,0.22155319,0.24593244,0.40575403
136.000000,-5.67795181,0.22155009,0.24588807,0.40653935
136.033333,-5.60687828,0.22155087,0.24588576,0.40655500
136.066667,-6.09503889,0.22155496,0.24590029,0.40651113
136.100000,-9.03955841,0.22211273,0.24644445,0.40670642
136.133333,-6.79863834,0.22291169,0.24710312,0.40667301
136.166667,-2.84570837,0.22539988,0.24927031,0.40571609
136.200000,-2.76419544,0.22754493,0.25116596,0.40488121
136.233333,-7.08945370,0.22801654,0.25221577,0.40429768
136.266667,-9.37914467,0.22801188,0.25229067,0.40422150
136.300000,-2.74803877,0.22831225,0.25258976,0.40430656
136.333333,-7.68319178,0.22842087,0.25280708,0.40431648
136.366667,-3.14165640,0.22875752,0.25355989,0.40438566
136.400000,-1.03735912,0.23141728,0.25624153,0.40449396
136.433333,-3.13745451,0.23450452,0.25916561,0.40427259
136.466667,-4.41912079,0.23658109,0.26158863,0.40335926
136.500000,-7.59175587,0.23691328,0.26254520,0.40216973
136.533333,-5.79845476,0.23688811,0.26271260,0.40187079
136.566667,-6.70761633,0.23690440,0.26282305,0.40185329
136.600000,-8.29247761,0.23680405,0.26302320,0.40181288
136.633333,-6.79394245,0.23085500,0.26623291,0.40021473
136.666667,-7.54894972,0.22653508,0.26853329,0.39898983
136.700000,-7.43278933,0.22555856,0.26950014,0.39862594
136.733333,-8.91737366,0.22556828,0.26956272,0.39854315
136.766667,-8.45425606,0.22519583,0.26960212,0.39844182
136.800000,-7.79343843,0.22513498,0.26965445,0.39842319
136.833333,-7.30576515,0.22512105,0.26970363,0.39837885
136.866667,-7.75636482,0.22425880,0.27158147,0.39838967
136.900000,-4.98423815,0.22406238,0.27531281,0.39758545
136.933333,-7.96805191,0.22390154,0.27600414,0.39688033
136.966667,-7.49838400,0.22390062,0.27600637,0.39679411
137.000000,-7.50677919,0.22389726,0.27623317,0.39678460
137.033333,-4.23167467,0.22396213,0.27700153,0.39675632
137.066667,-0.60316384,0.22431669,0.27968356,0.39636391
137.100000,-8.84438515,0.22470297,0.28211334,0.39549205
137.133333,-16.17622185,0.22473456,0.28236359,0.39544800
137.166667,-14.31855774,0.22471854,0.28243673,0.39537948
137.200000,-10.07953167,0.22471423,0.28247127,0.39532405
137.233333,-6.81332922,0.22486021,0.28376219,0.39496407
137.266667,-3.09382606,0.22521223,0.28598997,0.39462093
137.300000,-0.33317259,0.22538435,0.28812721,0.39400458
137.333333,-11.05300617,0.22529745,0.28855202,0.39354777
137.366667,-12.04629612,0.22530128,0.28859940,0.39348608
137.400000,-2.12955999,0.22529033,0.28862181,0.39344358
137.433333,-5.44589853,0.22528657,0.28862935,0.39341432
137.466667,-14.01493549,0.22530824,0.28863215,0.39335865
137.500000,-5.94877863,0.22529797,0.28864866,0.39332113
137.533333,-5.18165398,0.22530021,0.28867283,0.39328155
137.566667,-8.29730034,0.22530288,0.28869849,0.39324149
137.600000,-12.25520039,0.22530712,0.28870511,0.39309895
137.633333,-12.54730129,0.22508176,0.29035082,0.39291638
137.666667,74.22414398,0.22485134,0.29242054,0.39208159
137.700000,23.63671112,0.22477034,0.29217792,0.39155719
137.733333,-2.00506759,0.22478984,0.29214320,0.39150411
137.766667,-5.37328196,0.22480194,0.29213256,0.39145681
137.800000,-17.85128212,0.22481923,0.29211965,0.39141625
137.833333,-0.19688733,0.22489949,0.29184270,0.39110351
137.866667,1.41601706,0.22467314,0.29116929,0.38977161
137.900000,-0.23472567,0.22439390,0.29061806,0.38786197
137.933333,43.42781067,0.22480544,0.28884396,0.38459030
137.966667,-6.83478165,0.22531219,0.28719831,0.38001105
138.000000,2.75630474,0.22582631,0.28567210,0.37577575
138.033333,3.46764493,0.22662546,0.28497854,0.37340286
138.066667,4.97724628,0.22726457,0.28494060,0.37124994
138.100000,6.65316868,0.22788501,0.28489485,0.36925146
138.133333,7.55995226,0.22849542,0.28484479,0.36734807
138.166667,10.56130123,0.22918594,0.28475231,0.36513507
138.200000,7.21053267,0.22999319,0.28463045,0.36247894
138.233333,-6.97133589,0.23117042,0.28441337,0.35776001
138.266667,10.20362282,0.23201841,0.28429353,0.35473630
138.300000,2.90799332,0.23272732,0.28421611,0.35270676
138.333333,-4.14262867,0.23280641,0.28432336,0.35375395
138.366667,-11.30343819,0.23286207,0.28444389,0.35505027
138.400000,-7.09773636,0.23284906,0.28458944,0.35887456
138.433333,-14.10372448,0.23286849,0.28468105,0.36254364
138.466667,-23.26624107,0.23291814,0.28478175,0.36530122
138.500000,-22.24643326,0.23300232,0.28489092,0.36649925
138.533333,-25.08754349,0.23282380,0.28402725,0.36903822
138.566667,-30.27042961,0.23270223,0.28313550,0.37170354
138.600000,-20.05155945,0.23256792,0.28235066,0.37381437
138.633333,-14.94511032,0.23271422,0.28214931,0.37537077
138.666667,-13.28107738,0.23289533,0.28195331,0.37736398
138.700000,-15.82049274,0.23296931,0.28202096,0.37931341
138.733333,-19.57239914,0.23303349,0.28211200,0.38156822
138.766667,-14.38786983,0.23312305,0.28224033,0.38388324
138.800000,-12.75401688,0.23333405,0.28244695,0.38580284
138.833333,-3.00682116,0.23355779,0.28265774,0.38782501
138.866667,-3.22873211,0.23378059,0.28285331,0.38961601
138.900000,-8.33312702,0.23406592,0.28309718,0.39238816
138.933333,-2.53502107,0.23434502,0.28333876,0.39702341
138.966667,-7.51659966,0.23460752,0.28351030,0.39980850
139.000000,-5.05308819,0.23490219,0.28373072,0.40258795
139.033333,-15.85666370,0.23514779,0.28392223,0.40462247
139.066667,-9.62507534,0.23541664,0.28412160,0.40651849
139.100000,-10.06052780,0.23567659,0.28431606,0.40840393
139.133333,-5.13955593,0.23569837,0.28439090,0.40879902
139.166667,-7.12678862,0.23569109,0.28443015,0.40874848
139.200000,-8.76215267,0.23232421,0.28606302,0.40830678
139.233333,-1.44176483,0.22756615,0.28910300,0.40742052
139.266667,-0.47341239,0.22285275,0.29153377,0.40635654
139.300000,-4.27499771,0.22094198,0.29233289,0.40590602
139.333333,-5.48736763,0.21946901,0.29318595,0.40585443
139.366667,1.00806284,0.21433678,0.29614076,0.40498161
139.400000,-6.19340992,0.20821738,0.30004230,0.40382761
139.433333,-5.40468550,0.20650539,0.30076125,0.40350026
139.466667,-6.31026268,0.20642737,0.30079463,0.40346962
139.500000,-6.05885410,0.20644788,0.30079421,0.40342349
139.533333,-6.06802082,0.20647030,0.30079544,0.40337694
139.566667,-7.05447626,0.20649885,0.30079618,0.40332732
139.600000,-7.05470610,0.20652610,0.30079842,0.40327218
139.633333,-6.98101377,0.20655496,0.30079991,0.40321350
139.666667,-6.86452532,0.20658629,0.30079904,0.40315008
139.700000,-6.58049631,0.20661825,0.30079895,0.40308002
139.733333,-7.17409849,0.20665070,0.30079731,0.40301192
139.766667,-7.57760477,0.20667890,0.30079907,0.40294331
139.800000,-6.93646431,0.20670699,0.30080253,0.40287229
139.833333,-7.02265596,0.20673415,0.30080679,0.40280005
139.866667,-6.81797218,0.20676067,0.30081198,0.40272939
139.900000,-6.84420586,0.20678607,0.30081889,0.40265614
139.933333,-7.82605028,0.20680879,0.30082867,0.40258062
139.966667,68.69046783,0.20639862,0.30055949,0.40144411
140.000000,24.55714607,0.20582639,0.29963243,0.40118060
140.033333,73.94325256,0.20386665,0.29781452,0.40027922
140.066667,89.99919128,0.20194820,0.29529098,0.39942911
140.100000,70.94771576,0.20005436,0.29306620,0.39848384
140.133333,50.85900116,0.19806312,0.29067114,0.39719445
140.166667,66.64971924,0.19607070,0.28842142,0.39611456
140.200000,73.87924194,0.19424997,0.28620121,0.39491713
140.233333,110.68054199,0.19232270,0.28367034,0.39383310
140.266667,83.50871277,0.19028924,0.28080338,0.39268455
140.300000,97.66599274,0.18821965,0.27783579,0.39146835
140.333333,-1.13156354,0.18833430,0.27759215,0.39147717
140.366667,-2.93808270,0.18852627,0.27746412,0.39148381
140.400000,-3.37275481,0.18872160,0.27733317,0.39149991
140.433333,-3.31865978,0.18891671,0.27720281,0.39151582
140.466667,-3.29736376,0.18911032,0.27707383,0.39153004
140.500000,-3.40548968,0.18930343,0.27694699,0.39154807
140.533333,-3.01433134,0.18949886,0.27681747,0.39157194
140.566667,-3.68416119,0.18969363,0.27668649,0.39159819
140.600000,-3.91402555,0.18988115,0.27655923,0.39161247
140.633333,-2.63296318,0.19007444,0.27642778,0.39163730
140.666667,-4.26809359,0.19026586,0.27630046,0.39165756
140.700000,-4.91611052,0.19045117,0.27617365,0.39167348
140.733333,-1.99451971,0.19064638,0.27604109,0.39169124
140.766667,-5.04612207,0.19083720,0.27591276,0.39171144
140.800000,-2.96559143,0.19103062,0.27577880,0.39173895
140.833333,-3.27200961,0.19121781,0.27565348,0.39175180
140.866667,-4.23303366,0.19140486,0.27553031,0.39177203
140.900000,-3.73624897,0.19159526,0.27539885,0.39179295
140.933333,-4.29854202,0.19178089,0.27527100,0.39180657
140.966667,-4.05959129,0.19196835,0.27514324,0.39182714
141.000000,-4.11659336,0.19213808,0.27502176,0.39183801
141.033333,-2.31789684,0.19233641,0.27488807,0.39185971
141.066667,-3.49995661,0.19252323,0.27476379,0.39187503
141.100000,-11.49571514,0.19244930,0.27663255,0.39360988
141.133333,-5.34297657,0.19240165,0.27687970,0.39778233
141.166667,-6.31556511,0.19245580,0.27700102,0.40224707
141.200000,-5.01762390,0.19247055,0.27706975,0.40740979
141.233333,-2.37254977,0.19236445,0.27693263,0.40946934
141.266667,-5.22072887,0.19236128,0.27684775,0.40915808
141.300000,-0.33810270,0.19043297,0.27720153,0.40422460
141.333333,-7.68752575,0.18821925,0.27827734,0.39602351
141.366667,79.20616150,0.18657070,0.27770308,0.39196444
141.400000,145.26104736,0.18512891,0.27514407,0.39091507
141.433333,173.21603394,0.18373619,0.27273449,0.38988936
141.466667,137.31910706,0.18232350,0.27032503,0.38888162
141.500000,119.34390259,0.18090388,0.26776209,0.38771540
141.533333,147.97740173,0.17955743,0.26568353,0.38648033
141.566667,138.08755493,0.17852013,0.26467571,0.38416937
141.600000,240.01690674,0.17745580,0.26454458,0.38137281
141.633333,4.64269066,0.17656773,0.26423779,0.37828264
141.666667,5.40007544,0.17563573,0.26465011,0.37411013
141.700000,1.39707291,0.17457505,0.26531410,0.36810228
141.733333,-4.01019716,0.17340846,0.26623502,0.36041901
141.766667,-5.72450161,0.17222057,0.26724485,0.35222203
141.800000,-6.40531683,0.17096815,0.26841515,0.34297213
141.833333,-4.82528591,0.16977356,0.26952466,0.33425137
141.866667,0.81022686,0.16879150,0.27039021,0.32760212
141.900000,-2.30490994,0.16784436,0.27125308,0.32129830
141.933333,4.71559763,0.16683266,0.27240494,0.31420916
141.966667,5.45562029,0.16616751,0.27313310,0.31052068
142.000000,3.37576008,0.16563353,0.27359816,0.30729654
142.033333,-2.50090337,0.16504307,0.27417818,0.30350223
142.066667,1.13505220,0.16434821,0.27493697,0.29874948
142.100000,0.50293452,0.16381447,0.27552462,0.29528251
142.133333,3.56344581,0.16317901,0.27622473,0.29096743
142.166667,1.32758784,0.16275230,0.27667934,0.28822857
142.200000,79.23098755,0.16214629,0.27717051,0.28665563
142.233333,13.75040531,0.16160323,0.27768058,0.28479168
142.266667,162.81582642,0.16097288,0.27719772,0.28308392
142.300000,189.86105347,0.15998508,0.27551049,0.28199005
142.333333,189.33215332,0.15897539,0.27380097,0.28084028
142.366667,187.94366455,0.15795729,0.27210167,0.27964842
142.400000,189.70907593,0.15693036,0.27040032,0.27840689
142.433333,175.85595703,0.15596297,0.26876551,0.27718893
142.466667,167.62284851,0.15505858,0.26718214,0.27598616
142.500000,177.69395447,0.15411289,0.26552987,0.27468553
142.533333,190.43885803,0.15316671,0.26387772,0.27334511
142.566667,172.81605530,0.15222239,0.26225817,0.27197409
142.600000,177.80281067,0.15126045,0.26065832,0.27055424
142.633333,181.35858154,0.15027335,0.25907341,0.26908064
142.666667,177.11320496,0.14927849,0.25750083,0.26756111
142.700000,181.65402222,0.14825964,0.25591081,0.26596454
142.733333,137.55172729,0.14726949,0.25433499,0.26434037
142.766667,163.51199341,0.14638780,0.25285417,0.26280308
142.800000,167.97143555,0.14542757,0.25135183,0.26113793
142.833333,154.60577393,0.14441621,0.24983782,0.25937745
142.866667,139.30372620,0.14350469,0.24849987,0.25781858
142.900000,127.14525604,0.14263465,0.24713954,0.25616443
